DEBUG - 2026-05-10 05:37:49 --> Session: Class initialized using 'CodeIgniter\Session\Handlers\FileHandler' driver.
INFO - 2026-05-10 05:37:51 --> CSRF token verified.
DEBUG - 2026-05-10 05:37:51 --> Session: Class initialized using 'CodeIgniter\Session\Handlers\FileHandler' driver.
DEBUG - 2026-05-10 05:37:51 --> Session: Class initialized using 'CodeIgniter\Session\Handlers\FileHandler' driver.
DEBUG - 2026-05-10 05:38:10 --> Session: Class initialized using 'CodeIgniter\Session\Handlers\FileHandler' driver.
DEBUG - 2026-05-10 05:45:13 --> Session: Class initialized using 'CodeIgniter\Session\Handlers\FileHandler' driver.
DEBUG - 2026-05-10 05:45:14 --> Session: Class initialized using 'CodeIgniter\Session\Handlers\FileHandler' driver.
DEBUG - 2026-05-10 05:45:17 --> Session: Class initialized using 'CodeIgniter\Session\Handlers\FileHandler' driver.
DEBUG - 2026-05-10 05:45:20 --> Session: Class initialized using 'CodeIgniter\Session\Handlers\FileHandler' driver.
DEBUG - 2026-05-10 05:45:30 --> Session: Class initialized using 'CodeIgniter\Session\Handlers\FileHandler' driver.
CRITICAL - 2026-05-10 05:45:30 --> CodeIgniter\View\Exceptions\ViewException: Invalid file: "users/imc_form.php"
[Method: GET, Route: users/imc]
in SYSTEMPATH/Exceptions/FrameworkException.php on line 39.
 1 SYSTEMPATH/View/View.php(228): CodeIgniter\Exceptions\FrameworkException::forInvalidFile()
 2 SYSTEMPATH/Common.php(1250): CodeIgniter\View\View->render()
 3 APPPATH/Controllers/ImcController.php(58): view()
 4 SYSTEMPATH/CodeIgniter.php(951): App\Controllers\ImcController->form()
 5 SYSTEMPATH/CodeIgniter.php(497): CodeIgniter\CodeIgniter->runController()
 6 SYSTEMPATH/CodeIgniter.php(340): CodeIgniter\CodeIgniter->handleRequest()
 7 SYSTEMPATH/Boot.php(417): CodeIgniter\CodeIgniter->run()
 8 SYSTEMPATH/Boot.php(68): CodeIgniter\Boot::runCodeIgniter()
 9 FCPATH/index.php(59): CodeIgniter\Boot::bootWeb()
DEBUG - 2026-05-10 05:45:42 --> Session: Class initialized using 'CodeIgniter\Session\Handlers\FileHandler' driver.
DEBUG - 2026-05-10 05:45:43 --> Session: Class initialized using 'CodeIgniter\Session\Handlers\FileHandler' driver.
DEBUG - 2026-05-10 05:45:44 --> Session: Class initialized using 'CodeIgniter\Session\Handlers\FileHandler' driver.
DEBUG - 2026-05-10 05:45:44 --> Session: Class initialized using 'CodeIgniter\Session\Handlers\FileHandler' driver.
DEBUG - 2026-05-10 05:45:44 --> Session: Class initialized using 'CodeIgniter\Session\Handlers\FileHandler' driver.
DEBUG - 2026-05-10 05:45:47 --> Session: Class initialized using 'CodeIgniter\Session\Handlers\FileHandler' driver.
DEBUG - 2026-05-10 05:45:47 --> Session: Class initialized using 'CodeIgniter\Session\Handlers\FileHandler' driver.
DEBUG - 2026-05-10 05:45:54 --> Session: Class initialized using 'CodeIgniter\Session\Handlers\FileHandler' driver.
INFO - 2026-05-10 05:45:55 --> CSRF token verified.
DEBUG - 2026-05-10 05:45:55 --> Session: Class initialized using 'CodeIgniter\Session\Handlers\FileHandler' driver.
DEBUG - 2026-05-10 05:45:55 --> Session: Class initialized using 'CodeIgniter\Session\Handlers\FileHandler' driver.
DEBUG - 2026-05-10 05:46:02 --> Session: Class initialized using 'CodeIgniter\Session\Handlers\FileHandler' driver.
DEBUG - 2026-05-10 05:46:04 --> Session: Class initialized using 'CodeIgniter\Session\Handlers\FileHandler' driver.
DEBUG - 2026-05-10 05:46:07 --> Session: Class initialized using 'CodeIgniter\Session\Handlers\FileHandler' driver.
INFO - 2026-05-10 05:46:09 --> CSRF token verified.
DEBUG - 2026-05-10 05:46:09 --> Session: Class initialized using 'CodeIgniter\Session\Handlers\FileHandler' driver.
DEBUG - 2026-05-10 05:46:09 --> Session: Class initialized using 'CodeIgniter\Session\Handlers\FileHandler' driver.
DEBUG - 2026-05-10 05:46:15 --> Session: Class initialized using 'CodeIgniter\Session\Handlers\FileHandler' driver.
DEBUG - 2026-05-10 05:46:15 --> Session: Class initialized using 'CodeIgniter\Session\Handlers\FileHandler' driver.
DEBUG - 2026-05-10 05:46:28 --> Session: Class initialized using 'CodeIgniter\Session\Handlers\FileHandler' driver.
DEBUG - 2026-05-10 05:46:28 --> Session: Class initialized using 'CodeIgniter\Session\Handlers\FileHandler' driver.
DEBUG - 2026-05-10 05:46:33 --> Session: Class initialized using 'CodeIgniter\Session\Handlers\FileHandler' driver.
DEBUG - 2026-05-10 05:46:33 --> Session: Class initialized using 'CodeIgniter\Session\Handlers\FileHandler' driver.
INFO - 2026-05-10 05:46:34 --> CSRF token verified.
DEBUG - 2026-05-10 05:46:34 --> Session: Class initialized using 'CodeIgniter\Session\Handlers\FileHandler' driver.
DEBUG - 2026-05-10 05:46:34 --> Session: Class initialized using 'CodeIgniter\Session\Handlers\FileHandler' driver.
DEBUG - 2026-05-10 05:47:40 --> Session: Class initialized using 'CodeIgniter\Session\Handlers\FileHandler' driver.
CRITICAL - 2026-05-10 05:47:40 --> CodeIgniter\View\Exceptions\ViewException: Invalid file: "users/imc_form.php"
[Method: GET, Route: users/imc]
in SYSTEMPATH/Exceptions/FrameworkException.php on line 39.
 1 SYSTEMPATH/View/View.php(228): CodeIgniter\Exceptions\FrameworkException::forInvalidFile()
 2 SYSTEMPATH/Common.php(1250): CodeIgniter\View\View->render()
 3 APPPATH/Controllers/ImcController.php(58): view()
 4 SYSTEMPATH/CodeIgniter.php(951): App\Controllers\ImcController->form()
 5 SYSTEMPATH/CodeIgniter.php(497): CodeIgniter\CodeIgniter->runController()
 6 SYSTEMPATH/CodeIgniter.php(340): CodeIgniter\CodeIgniter->handleRequest()
 7 SYSTEMPATH/Boot.php(417): CodeIgniter\CodeIgniter->run()
 8 SYSTEMPATH/Boot.php(68): CodeIgniter\Boot::runCodeIgniter()
 9 FCPATH/index.php(59): CodeIgniter\Boot::bootWeb()
DEBUG - 2026-05-10 05:48:15 --> Session: Class initialized using 'CodeIgniter\Session\Handlers\FileHandler' driver.
CRITICAL - 2026-05-10 05:48:15 --> CodeIgniter\View\Exceptions\ViewException: Invalid file: "users/imc_form.php"
[Method: GET, Route: users/imc]
in SYSTEMPATH/Exceptions/FrameworkException.php on line 39.
 1 SYSTEMPATH/View/View.php(228): CodeIgniter\Exceptions\FrameworkException::forInvalidFile()
 2 SYSTEMPATH/Common.php(1250): CodeIgniter\View\View->render()
 3 APPPATH/Controllers/ImcController.php(58): view()
 4 SYSTEMPATH/CodeIgniter.php(951): App\Controllers\ImcController->form()
 5 SYSTEMPATH/CodeIgniter.php(497): CodeIgniter\CodeIgniter->runController()
 6 SYSTEMPATH/CodeIgniter.php(340): CodeIgniter\CodeIgniter->handleRequest()
 7 SYSTEMPATH/Boot.php(417): CodeIgniter\CodeIgniter->run()
 8 SYSTEMPATH/Boot.php(68): CodeIgniter\Boot::runCodeIgniter()
 9 FCPATH/index.php(59): CodeIgniter\Boot::bootWeb()
DEBUG - 2026-05-10 05:49:07 --> Session: Class initialized using 'CodeIgniter\Session\Handlers\FileHandler' driver.
DEBUG - 2026-05-10 05:49:07 --> Session: Class initialized using 'CodeIgniter\Session\Handlers\FileHandler' driver.
DEBUG - 2026-05-10 05:49:14 --> Session: Class initialized using 'CodeIgniter\Session\Handlers\FileHandler' driver.
CRITICAL - 2026-05-10 05:49:14 --> CodeIgniter\View\Exceptions\ViewException: Invalid file: "users/imc_form.php"
[Method: GET, Route: users/imc]
in SYSTEMPATH/Exceptions/FrameworkException.php on line 39.
 1 SYSTEMPATH/View/View.php(228): CodeIgniter\Exceptions\FrameworkException::forInvalidFile()
 2 SYSTEMPATH/Common.php(1250): CodeIgniter\View\View->render()
 3 APPPATH/Controllers/ImcController.php(58): view()
 4 SYSTEMPATH/CodeIgniter.php(951): App\Controllers\ImcController->form()
 5 SYSTEMPATH/CodeIgniter.php(497): CodeIgniter\CodeIgniter->runController()
 6 SYSTEMPATH/CodeIgniter.php(340): CodeIgniter\CodeIgniter->handleRequest()
 7 SYSTEMPATH/Boot.php(417): CodeIgniter\CodeIgniter->run()
 8 SYSTEMPATH/Boot.php(68): CodeIgniter\Boot::runCodeIgniter()
 9 FCPATH/index.php(59): CodeIgniter\Boot::bootWeb()
10 SYSTEMPATH/rewrite.php(44): require_once('/home/andrianandrainy/Documents/S4/Mr Rojo/Regime-alimentaire/src/public/index.php')
DEBUG - 2026-05-10 05:49:41 --> Session: Class initialized using 'CodeIgniter\Session\Handlers\FileHandler' driver.
DEBUG - 2026-05-10 05:50:05 --> Session: Class initialized using 'CodeIgniter\Session\Handlers\FileHandler' driver.
DEBUG - 2026-05-10 05:53:35 --> Session: Class initialized using 'CodeIgniter\Session\Handlers\FileHandler' driver.
DEBUG - 2026-05-10 05:53:35 --> Session: Class initialized using 'CodeIgniter\Session\Handlers\FileHandler' driver.
DEBUG - 2026-05-10 05:53:59 --> Session: Class initialized using 'CodeIgniter\Session\Handlers\FileHandler' driver.
DEBUG - 2026-05-10 05:55:09 --> Session: Class initialized using 'CodeIgniter\Session\Handlers\FileHandler' driver.
CRITICAL - 2026-05-10 05:55:09 --> CodeIgniter\View\Exceptions\ViewException: Invalid file: "users/imc_form.php"
[Method: GET, Route: users/imc]
in SYSTEMPATH/Exceptions/FrameworkException.php on line 39.
 1 SYSTEMPATH/View/View.php(228): CodeIgniter\Exceptions\FrameworkException::forInvalidFile()
 2 SYSTEMPATH/Common.php(1250): CodeIgniter\View\View->render()
 3 APPPATH/Controllers/ImcController.php(58): view()
 4 SYSTEMPATH/CodeIgniter.php(951): App\Controllers\ImcController->form()
 5 SYSTEMPATH/CodeIgniter.php(497): CodeIgniter\CodeIgniter->runController()
 6 SYSTEMPATH/CodeIgniter.php(340): CodeIgniter\CodeIgniter->handleRequest()
 7 SYSTEMPATH/Boot.php(417): CodeIgniter\CodeIgniter->run()
 8 SYSTEMPATH/Boot.php(68): CodeIgniter\Boot::runCodeIgniter()
 9 FCPATH/index.php(59): CodeIgniter\Boot::bootWeb()
DEBUG - 2026-05-10 05:58:23 --> Session: Class initialized using 'CodeIgniter\Session\Handlers\FileHandler' driver.
CRITICAL - 2026-05-10 05:58:23 --> CodeIgniter\View\Exceptions\ViewException: Invalid file: "users/imc/form.php"
[Method: GET, Route: users/imc]
in SYSTEMPATH/Exceptions/FrameworkException.php on line 39.
 1 SYSTEMPATH/View/View.php(228): CodeIgniter\Exceptions\FrameworkException::forInvalidFile()
 2 SYSTEMPATH/Common.php(1250): CodeIgniter\View\View->render()
 3 APPPATH/Controllers/ImcController.php(58): view()
 4 SYSTEMPATH/CodeIgniter.php(951): App\Controllers\ImcController->form()
 5 SYSTEMPATH/CodeIgniter.php(497): CodeIgniter\CodeIgniter->runController()
 6 SYSTEMPATH/CodeIgniter.php(340): CodeIgniter\CodeIgniter->handleRequest()
 7 SYSTEMPATH/Boot.php(417): CodeIgniter\CodeIgniter->run()
 8 SYSTEMPATH/Boot.php(68): CodeIgniter\Boot::runCodeIgniter()
 9 FCPATH/index.php(59): CodeIgniter\Boot::bootWeb()
DEBUG - 2026-05-10 05:58:24 --> Session: Class initialized using 'CodeIgniter\Session\Handlers\FileHandler' driver.
CRITICAL - 2026-05-10 05:58:24 --> CodeIgniter\View\Exceptions\ViewException: Invalid file: "users/imc/form.php"
[Method: GET, Route: users/imc]
in SYSTEMPATH/Exceptions/FrameworkException.php on line 39.
 1 SYSTEMPATH/View/View.php(228): CodeIgniter\Exceptions\FrameworkException::forInvalidFile()
 2 SYSTEMPATH/Common.php(1250): CodeIgniter\View\View->render()
 3 APPPATH/Controllers/ImcController.php(58): view()
 4 SYSTEMPATH/CodeIgniter.php(951): App\Controllers\ImcController->form()
 5 SYSTEMPATH/CodeIgniter.php(497): CodeIgniter\CodeIgniter->runController()
 6 SYSTEMPATH/CodeIgniter.php(340): CodeIgniter\CodeIgniter->handleRequest()
 7 SYSTEMPATH/Boot.php(417): CodeIgniter\CodeIgniter->run()
 8 SYSTEMPATH/Boot.php(68): CodeIgniter\Boot::runCodeIgniter()
 9 FCPATH/index.php(59): CodeIgniter\Boot::bootWeb()
DEBUG - 2026-05-10 05:58:24 --> Session: Class initialized using 'CodeIgniter\Session\Handlers\FileHandler' driver.
CRITICAL - 2026-05-10 05:58:24 --> CodeIgniter\View\Exceptions\ViewException: Invalid file: "users/imc/form.php"
[Method: GET, Route: users/imc]
in SYSTEMPATH/Exceptions/FrameworkException.php on line 39.
 1 SYSTEMPATH/View/View.php(228): CodeIgniter\Exceptions\FrameworkException::forInvalidFile()
 2 SYSTEMPATH/Common.php(1250): CodeIgniter\View\View->render()
 3 APPPATH/Controllers/ImcController.php(58): view()
 4 SYSTEMPATH/CodeIgniter.php(951): App\Controllers\ImcController->form()
 5 SYSTEMPATH/CodeIgniter.php(497): CodeIgniter\CodeIgniter->runController()
 6 SYSTEMPATH/CodeIgniter.php(340): CodeIgniter\CodeIgniter->handleRequest()
 7 SYSTEMPATH/Boot.php(417): CodeIgniter\CodeIgniter->run()
 8 SYSTEMPATH/Boot.php(68): CodeIgniter\Boot::runCodeIgniter()
 9 FCPATH/index.php(59): CodeIgniter\Boot::bootWeb()
DEBUG - 2026-05-10 05:58:24 --> Session: Class initialized using 'CodeIgniter\Session\Handlers\FileHandler' driver.
CRITICAL - 2026-05-10 05:58:24 --> CodeIgniter\View\Exceptions\ViewException: Invalid file: "users/imc/form.php"
[Method: GET, Route: users/imc]
in SYSTEMPATH/Exceptions/FrameworkException.php on line 39.
 1 SYSTEMPATH/View/View.php(228): CodeIgniter\Exceptions\FrameworkException::forInvalidFile()
 2 SYSTEMPATH/Common.php(1250): CodeIgniter\View\View->render()
 3 APPPATH/Controllers/ImcController.php(58): view()
 4 SYSTEMPATH/CodeIgniter.php(951): App\Controllers\ImcController->form()
 5 SYSTEMPATH/CodeIgniter.php(497): CodeIgniter\CodeIgniter->runController()
 6 SYSTEMPATH/CodeIgniter.php(340): CodeIgniter\CodeIgniter->handleRequest()
 7 SYSTEMPATH/Boot.php(417): CodeIgniter\CodeIgniter->run()
 8 SYSTEMPATH/Boot.php(68): CodeIgniter\Boot::runCodeIgniter()
 9 FCPATH/index.php(59): CodeIgniter\Boot::bootWeb()
DEBUG - 2026-05-10 05:58:24 --> Session: Class initialized using 'CodeIgniter\Session\Handlers\FileHandler' driver.
CRITICAL - 2026-05-10 05:58:24 --> CodeIgniter\View\Exceptions\ViewException: Invalid file: "users/imc/form.php"
[Method: GET, Route: users/imc]
in SYSTEMPATH/Exceptions/FrameworkException.php on line 39.
 1 SYSTEMPATH/View/View.php(228): CodeIgniter\Exceptions\FrameworkException::forInvalidFile()
 2 SYSTEMPATH/Common.php(1250): CodeIgniter\View\View->render()
 3 APPPATH/Controllers/ImcController.php(58): view()
 4 SYSTEMPATH/CodeIgniter.php(951): App\Controllers\ImcController->form()
 5 SYSTEMPATH/CodeIgniter.php(497): CodeIgniter\CodeIgniter->runController()
 6 SYSTEMPATH/CodeIgniter.php(340): CodeIgniter\CodeIgniter->handleRequest()
 7 SYSTEMPATH/Boot.php(417): CodeIgniter\CodeIgniter->run()
 8 SYSTEMPATH/Boot.php(68): CodeIgniter\Boot::runCodeIgniter()
 9 FCPATH/index.php(59): CodeIgniter\Boot::bootWeb()
DEBUG - 2026-05-10 05:58:24 --> Session: Class initialized using 'CodeIgniter\Session\Handlers\FileHandler' driver.
CRITICAL - 2026-05-10 05:58:24 --> CodeIgniter\View\Exceptions\ViewException: Invalid file: "users/imc/form.php"
[Method: GET, Route: users/imc]
in SYSTEMPATH/Exceptions/FrameworkException.php on line 39.
 1 SYSTEMPATH/View/View.php(228): CodeIgniter\Exceptions\FrameworkException::forInvalidFile()
 2 SYSTEMPATH/Common.php(1250): CodeIgniter\View\View->render()
 3 APPPATH/Controllers/ImcController.php(58): view()
 4 SYSTEMPATH/CodeIgniter.php(951): App\Controllers\ImcController->form()
 5 SYSTEMPATH/CodeIgniter.php(497): CodeIgniter\CodeIgniter->runController()
 6 SYSTEMPATH/CodeIgniter.php(340): CodeIgniter\CodeIgniter->handleRequest()
 7 SYSTEMPATH/Boot.php(417): CodeIgniter\CodeIgniter->run()
 8 SYSTEMPATH/Boot.php(68): CodeIgniter\Boot::runCodeIgniter()
 9 FCPATH/index.php(59): CodeIgniter\Boot::bootWeb()
DEBUG - 2026-05-10 05:58:24 --> Session: Class initialized using 'CodeIgniter\Session\Handlers\FileHandler' driver.
CRITICAL - 2026-05-10 05:58:24 --> CodeIgniter\View\Exceptions\ViewException: Invalid file: "users/imc/form.php"
[Method: GET, Route: users/imc]
in SYSTEMPATH/Exceptions/FrameworkException.php on line 39.
 1 SYSTEMPATH/View/View.php(228): CodeIgniter\Exceptions\FrameworkException::forInvalidFile()
 2 SYSTEMPATH/Common.php(1250): CodeIgniter\View\View->render()
 3 APPPATH/Controllers/ImcController.php(58): view()
 4 SYSTEMPATH/CodeIgniter.php(951): App\Controllers\ImcController->form()
 5 SYSTEMPATH/CodeIgniter.php(497): CodeIgniter\CodeIgniter->runController()
 6 SYSTEMPATH/CodeIgniter.php(340): CodeIgniter\CodeIgniter->handleRequest()
 7 SYSTEMPATH/Boot.php(417): CodeIgniter\CodeIgniter->run()
 8 SYSTEMPATH/Boot.php(68): CodeIgniter\Boot::runCodeIgniter()
 9 FCPATH/index.php(59): CodeIgniter\Boot::bootWeb()
DEBUG - 2026-05-10 05:58:24 --> Session: Class initialized using 'CodeIgniter\Session\Handlers\FileHandler' driver.
CRITICAL - 2026-05-10 05:58:24 --> CodeIgniter\View\Exceptions\ViewException: Invalid file: "users/imc/form.php"
[Method: GET, Route: users/imc]
in SYSTEMPATH/Exceptions/FrameworkException.php on line 39.
 1 SYSTEMPATH/View/View.php(228): CodeIgniter\Exceptions\FrameworkException::forInvalidFile()
 2 SYSTEMPATH/Common.php(1250): CodeIgniter\View\View->render()
 3 APPPATH/Controllers/ImcController.php(58): view()
 4 SYSTEMPATH/CodeIgniter.php(951): App\Controllers\ImcController->form()
 5 SYSTEMPATH/CodeIgniter.php(497): CodeIgniter\CodeIgniter->runController()
 6 SYSTEMPATH/CodeIgniter.php(340): CodeIgniter\CodeIgniter->handleRequest()
 7 SYSTEMPATH/Boot.php(417): CodeIgniter\CodeIgniter->run()
 8 SYSTEMPATH/Boot.php(68): CodeIgniter\Boot::runCodeIgniter()
 9 FCPATH/index.php(59): CodeIgniter\Boot::bootWeb()
DEBUG - 2026-05-10 05:58:24 --> Session: Class initialized using 'CodeIgniter\Session\Handlers\FileHandler' driver.
CRITICAL - 2026-05-10 05:58:24 --> CodeIgniter\View\Exceptions\ViewException: Invalid file: "users/imc/form.php"
[Method: GET, Route: users/imc]
in SYSTEMPATH/Exceptions/FrameworkException.php on line 39.
 1 SYSTEMPATH/View/View.php(228): CodeIgniter\Exceptions\FrameworkException::forInvalidFile()
 2 SYSTEMPATH/Common.php(1250): CodeIgniter\View\View->render()
 3 APPPATH/Controllers/ImcController.php(58): view()
 4 SYSTEMPATH/CodeIgniter.php(951): App\Controllers\ImcController->form()
 5 SYSTEMPATH/CodeIgniter.php(497): CodeIgniter\CodeIgniter->runController()
 6 SYSTEMPATH/CodeIgniter.php(340): CodeIgniter\CodeIgniter->handleRequest()
 7 SYSTEMPATH/Boot.php(417): CodeIgniter\CodeIgniter->run()
 8 SYSTEMPATH/Boot.php(68): CodeIgniter\Boot::runCodeIgniter()
 9 FCPATH/index.php(59): CodeIgniter\Boot::bootWeb()
DEBUG - 2026-05-10 05:58:24 --> Session: Class initialized using 'CodeIgniter\Session\Handlers\FileHandler' driver.
CRITICAL - 2026-05-10 05:58:24 --> CodeIgniter\View\Exceptions\ViewException: Invalid file: "users/imc/form.php"
[Method: GET, Route: users/imc]
in SYSTEMPATH/Exceptions/FrameworkException.php on line 39.
 1 SYSTEMPATH/View/View.php(228): CodeIgniter\Exceptions\FrameworkException::forInvalidFile()
 2 SYSTEMPATH/Common.php(1250): CodeIgniter\View\View->render()
 3 APPPATH/Controllers/ImcController.php(58): view()
 4 SYSTEMPATH/CodeIgniter.php(951): App\Controllers\ImcController->form()
 5 SYSTEMPATH/CodeIgniter.php(497): CodeIgniter\CodeIgniter->runController()
 6 SYSTEMPATH/CodeIgniter.php(340): CodeIgniter\CodeIgniter->handleRequest()
 7 SYSTEMPATH/Boot.php(417): CodeIgniter\CodeIgniter->run()
 8 SYSTEMPATH/Boot.php(68): CodeIgniter\Boot::runCodeIgniter()
 9 FCPATH/index.php(59): CodeIgniter\Boot::bootWeb()
DEBUG - 2026-05-10 05:58:24 --> Session: Class initialized using 'CodeIgniter\Session\Handlers\FileHandler' driver.
CRITICAL - 2026-05-10 05:58:24 --> CodeIgniter\View\Exceptions\ViewException: Invalid file: "users/imc/form.php"
[Method: GET, Route: users/imc]
in SYSTEMPATH/Exceptions/FrameworkException.php on line 39.
 1 SYSTEMPATH/View/View.php(228): CodeIgniter\Exceptions\FrameworkException::forInvalidFile()
 2 SYSTEMPATH/Common.php(1250): CodeIgniter\View\View->render()
 3 APPPATH/Controllers/ImcController.php(58): view()
 4 SYSTEMPATH/CodeIgniter.php(951): App\Controllers\ImcController->form()
 5 SYSTEMPATH/CodeIgniter.php(497): CodeIgniter\CodeIgniter->runController()
 6 SYSTEMPATH/CodeIgniter.php(340): CodeIgniter\CodeIgniter->handleRequest()
 7 SYSTEMPATH/Boot.php(417): CodeIgniter\CodeIgniter->run()
 8 SYSTEMPATH/Boot.php(68): CodeIgniter\Boot::runCodeIgniter()
 9 FCPATH/index.php(59): CodeIgniter\Boot::bootWeb()
DEBUG - 2026-05-10 05:58:24 --> Session: Class initialized using 'CodeIgniter\Session\Handlers\FileHandler' driver.
CRITICAL - 2026-05-10 05:58:24 --> CodeIgniter\View\Exceptions\ViewException: Invalid file: "users/imc/form.php"
[Method: GET, Route: users/imc]
in SYSTEMPATH/Exceptions/FrameworkException.php on line 39.
 1 SYSTEMPATH/View/View.php(228): CodeIgniter\Exceptions\FrameworkException::forInvalidFile()
 2 SYSTEMPATH/Common.php(1250): CodeIgniter\View\View->render()
 3 APPPATH/Controllers/ImcController.php(58): view()
 4 SYSTEMPATH/CodeIgniter.php(951): App\Controllers\ImcController->form()
 5 SYSTEMPATH/CodeIgniter.php(497): CodeIgniter\CodeIgniter->runController()
 6 SYSTEMPATH/CodeIgniter.php(340): CodeIgniter\CodeIgniter->handleRequest()
 7 SYSTEMPATH/Boot.php(417): CodeIgniter\CodeIgniter->run()
 8 SYSTEMPATH/Boot.php(68): CodeIgniter\Boot::runCodeIgniter()
 9 FCPATH/index.php(59): CodeIgniter\Boot::bootWeb()
DEBUG - 2026-05-10 05:58:24 --> Session: Class initialized using 'CodeIgniter\Session\Handlers\FileHandler' driver.
CRITICAL - 2026-05-10 05:58:24 --> CodeIgniter\View\Exceptions\ViewException: Invalid file: "users/imc/form.php"
[Method: GET, Route: users/imc]
in SYSTEMPATH/Exceptions/FrameworkException.php on line 39.
 1 SYSTEMPATH/View/View.php(228): CodeIgniter\Exceptions\FrameworkException::forInvalidFile()
 2 SYSTEMPATH/Common.php(1250): CodeIgniter\View\View->render()
 3 APPPATH/Controllers/ImcController.php(58): view()
 4 SYSTEMPATH/CodeIgniter.php(951): App\Controllers\ImcController->form()
 5 SYSTEMPATH/CodeIgniter.php(497): CodeIgniter\CodeIgniter->runController()
 6 SYSTEMPATH/CodeIgniter.php(340): CodeIgniter\CodeIgniter->handleRequest()
 7 SYSTEMPATH/Boot.php(417): CodeIgniter\CodeIgniter->run()
 8 SYSTEMPATH/Boot.php(68): CodeIgniter\Boot::runCodeIgniter()
 9 FCPATH/index.php(59): CodeIgniter\Boot::bootWeb()
DEBUG - 2026-05-10 05:58:24 --> Session: Class initialized using 'CodeIgniter\Session\Handlers\FileHandler' driver.
CRITICAL - 2026-05-10 05:58:24 --> CodeIgniter\View\Exceptions\ViewException: Invalid file: "users/imc/form.php"
[Method: GET, Route: users/imc]
in SYSTEMPATH/Exceptions/FrameworkException.php on line 39.
 1 SYSTEMPATH/View/View.php(228): CodeIgniter\Exceptions\FrameworkException::forInvalidFile()
 2 SYSTEMPATH/Common.php(1250): CodeIgniter\View\View->render()
 3 APPPATH/Controllers/ImcController.php(58): view()
 4 SYSTEMPATH/CodeIgniter.php(951): App\Controllers\ImcController->form()
 5 SYSTEMPATH/CodeIgniter.php(497): CodeIgniter\CodeIgniter->runController()
 6 SYSTEMPATH/CodeIgniter.php(340): CodeIgniter\CodeIgniter->handleRequest()
 7 SYSTEMPATH/Boot.php(417): CodeIgniter\CodeIgniter->run()
 8 SYSTEMPATH/Boot.php(68): CodeIgniter\Boot::runCodeIgniter()
 9 FCPATH/index.php(59): CodeIgniter\Boot::bootWeb()
DEBUG - 2026-05-10 05:58:25 --> Session: Class initialized using 'CodeIgniter\Session\Handlers\FileHandler' driver.
CRITICAL - 2026-05-10 05:58:25 --> CodeIgniter\View\Exceptions\ViewException: Invalid file: "users/imc/form.php"
[Method: GET, Route: users/imc]
in SYSTEMPATH/Exceptions/FrameworkException.php on line 39.
 1 SYSTEMPATH/View/View.php(228): CodeIgniter\Exceptions\FrameworkException::forInvalidFile()
 2 SYSTEMPATH/Common.php(1250): CodeIgniter\View\View->render()
 3 APPPATH/Controllers/ImcController.php(58): view()
 4 SYSTEMPATH/CodeIgniter.php(951): App\Controllers\ImcController->form()
 5 SYSTEMPATH/CodeIgniter.php(497): CodeIgniter\CodeIgniter->runController()
 6 SYSTEMPATH/CodeIgniter.php(340): CodeIgniter\CodeIgniter->handleRequest()
 7 SYSTEMPATH/Boot.php(417): CodeIgniter\CodeIgniter->run()
 8 SYSTEMPATH/Boot.php(68): CodeIgniter\Boot::runCodeIgniter()
 9 FCPATH/index.php(59): CodeIgniter\Boot::bootWeb()
CRITICAL - 2026-05-10 06:00:38 --> CodeIgniter\View\Exceptions\ViewException: Invalid file: "users/imc_form.php"
[Method: GET, Route: users/imc]
in SYSTEMPATH/Exceptions/FrameworkException.php on line 39.
 1 SYSTEMPATH/View/View.php(228): CodeIgniter\Exceptions\FrameworkException::forInvalidFile()
 2 SYSTEMPATH/Common.php(1250): CodeIgniter\View\View->render()
 3 APPPATH/Controllers/ImcController.php(58): view()
 4 SYSTEMPATH/CodeIgniter.php(951): App\Controllers\ImcController->form()
 5 SYSTEMPATH/CodeIgniter.php(497): CodeIgniter\CodeIgniter->runController()
 6 SYSTEMPATH/CodeIgniter.php(340): CodeIgniter\CodeIgniter->handleRequest()
 7 SYSTEMPATH/Boot.php(417): CodeIgniter\CodeIgniter->run()
 8 SYSTEMPATH/Boot.php(68): CodeIgniter\Boot::runCodeIgniter()
 9 FCPATH/index.php(59): CodeIgniter\Boot::bootWeb()
CRITICAL - 2026-05-10 06:00:39 --> CodeIgniter\View\Exceptions\ViewException: Invalid file: "users/imc_form.php"
[Method: GET, Route: users/imc]
in SYSTEMPATH/Exceptions/FrameworkException.php on line 39.
 1 SYSTEMPATH/View/View.php(228): CodeIgniter\Exceptions\FrameworkException::forInvalidFile()
 2 SYSTEMPATH/Common.php(1250): CodeIgniter\View\View->render()
 3 APPPATH/Controllers/ImcController.php(58): view()
 4 SYSTEMPATH/CodeIgniter.php(951): App\Controllers\ImcController->form()
 5 SYSTEMPATH/CodeIgniter.php(497): CodeIgniter\CodeIgniter->runController()
 6 SYSTEMPATH/CodeIgniter.php(340): CodeIgniter\CodeIgniter->handleRequest()
 7 SYSTEMPATH/Boot.php(417): CodeIgniter\CodeIgniter->run()
 8 SYSTEMPATH/Boot.php(68): CodeIgniter\Boot::runCodeIgniter()
 9 FCPATH/index.php(59): CodeIgniter\Boot::bootWeb()
CRITICAL - 2026-05-10 06:00:40 --> CodeIgniter\View\Exceptions\ViewException: Invalid file: "users/imc_form.php"
[Method: GET, Route: users/imc]
in SYSTEMPATH/Exceptions/FrameworkException.php on line 39.
 1 SYSTEMPATH/View/View.php(228): CodeIgniter\Exceptions\FrameworkException::forInvalidFile()
 2 SYSTEMPATH/Common.php(1250): CodeIgniter\View\View->render()
 3 APPPATH/Controllers/ImcController.php(58): view()
 4 SYSTEMPATH/CodeIgniter.php(951): App\Controllers\ImcController->form()
 5 SYSTEMPATH/CodeIgniter.php(497): CodeIgniter\CodeIgniter->runController()
 6 SYSTEMPATH/CodeIgniter.php(340): CodeIgniter\CodeIgniter->handleRequest()
 7 SYSTEMPATH/Boot.php(417): CodeIgniter\CodeIgniter->run()
 8 SYSTEMPATH/Boot.php(68): CodeIgniter\Boot::runCodeIgniter()
 9 FCPATH/index.php(59): CodeIgniter\Boot::bootWeb()
CRITICAL - 2026-05-10 06:00:40 --> CodeIgniter\View\Exceptions\ViewException: Invalid file: "users/imc_form.php"
[Method: GET, Route: users/imc]
in SYSTEMPATH/Exceptions/FrameworkException.php on line 39.
 1 SYSTEMPATH/View/View.php(228): CodeIgniter\Exceptions\FrameworkException::forInvalidFile()
 2 SYSTEMPATH/Common.php(1250): CodeIgniter\View\View->render()
 3 APPPATH/Controllers/ImcController.php(58): view()
 4 SYSTEMPATH/CodeIgniter.php(951): App\Controllers\ImcController->form()
 5 SYSTEMPATH/CodeIgniter.php(497): CodeIgniter\CodeIgniter->runController()
 6 SYSTEMPATH/CodeIgniter.php(340): CodeIgniter\CodeIgniter->handleRequest()
 7 SYSTEMPATH/Boot.php(417): CodeIgniter\CodeIgniter->run()
 8 SYSTEMPATH/Boot.php(68): CodeIgniter\Boot::runCodeIgniter()
 9 FCPATH/index.php(59): CodeIgniter\Boot::bootWeb()
CRITICAL - 2026-05-10 06:00:40 --> CodeIgniter\View\Exceptions\ViewException: Invalid file: "users/imc_form.php"
[Method: GET, Route: users/imc]
in SYSTEMPATH/Exceptions/FrameworkException.php on line 39.
 1 SYSTEMPATH/View/View.php(228): CodeIgniter\Exceptions\FrameworkException::forInvalidFile()
 2 SYSTEMPATH/Common.php(1250): CodeIgniter\View\View->render()
 3 APPPATH/Controllers/ImcController.php(58): view()
 4 SYSTEMPATH/CodeIgniter.php(951): App\Controllers\ImcController->form()
 5 SYSTEMPATH/CodeIgniter.php(497): CodeIgniter\CodeIgniter->runController()
 6 SYSTEMPATH/CodeIgniter.php(340): CodeIgniter\CodeIgniter->handleRequest()
 7 SYSTEMPATH/Boot.php(417): CodeIgniter\CodeIgniter->run()
 8 SYSTEMPATH/Boot.php(68): CodeIgniter\Boot::runCodeIgniter()
 9 FCPATH/index.php(59): CodeIgniter\Boot::bootWeb()
CRITICAL - 2026-05-10 06:00:40 --> CodeIgniter\View\Exceptions\ViewException: Invalid file: "users/imc_form.php"
[Method: GET, Route: users/imc]
in SYSTEMPATH/Exceptions/FrameworkException.php on line 39.
 1 SYSTEMPATH/View/View.php(228): CodeIgniter\Exceptions\FrameworkException::forInvalidFile()
 2 SYSTEMPATH/Common.php(1250): CodeIgniter\View\View->render()
 3 APPPATH/Controllers/ImcController.php(58): view()
 4 SYSTEMPATH/CodeIgniter.php(951): App\Controllers\ImcController->form()
 5 SYSTEMPATH/CodeIgniter.php(497): CodeIgniter\CodeIgniter->runController()
 6 SYSTEMPATH/CodeIgniter.php(340): CodeIgniter\CodeIgniter->handleRequest()
 7 SYSTEMPATH/Boot.php(417): CodeIgniter\CodeIgniter->run()
 8 SYSTEMPATH/Boot.php(68): CodeIgniter\Boot::runCodeIgniter()
 9 FCPATH/index.php(59): CodeIgniter\Boot::bootWeb()
CRITICAL - 2026-05-10 06:00:40 --> CodeIgniter\View\Exceptions\ViewException: Invalid file: "users/imc_form.php"
[Method: GET, Route: users/imc]
in SYSTEMPATH/Exceptions/FrameworkException.php on line 39.
 1 SYSTEMPATH/View/View.php(228): CodeIgniter\Exceptions\FrameworkException::forInvalidFile()
 2 SYSTEMPATH/Common.php(1250): CodeIgniter\View\View->render()
 3 APPPATH/Controllers/ImcController.php(58): view()
 4 SYSTEMPATH/CodeIgniter.php(951): App\Controllers\ImcController->form()
 5 SYSTEMPATH/CodeIgniter.php(497): CodeIgniter\CodeIgniter->runController()
 6 SYSTEMPATH/CodeIgniter.php(340): CodeIgniter\CodeIgniter->handleRequest()
 7 SYSTEMPATH/Boot.php(417): CodeIgniter\CodeIgniter->run()
 8 SYSTEMPATH/Boot.php(68): CodeIgniter\Boot::runCodeIgniter()
 9 FCPATH/index.php(59): CodeIgniter\Boot::bootWeb()
CRITICAL - 2026-05-10 06:00:40 --> CodeIgniter\View\Exceptions\ViewException: Invalid file: "users/imc_form.php"
[Method: GET, Route: users/imc]
in SYSTEMPATH/Exceptions/FrameworkException.php on line 39.
 1 SYSTEMPATH/View/View.php(228): CodeIgniter\Exceptions\FrameworkException::forInvalidFile()
 2 SYSTEMPATH/Common.php(1250): CodeIgniter\View\View->render()
 3 APPPATH/Controllers/ImcController.php(58): view()
 4 SYSTEMPATH/CodeIgniter.php(951): App\Controllers\ImcController->form()
 5 SYSTEMPATH/CodeIgniter.php(497): CodeIgniter\CodeIgniter->runController()
 6 SYSTEMPATH/CodeIgniter.php(340): CodeIgniter\CodeIgniter->handleRequest()
 7 SYSTEMPATH/Boot.php(417): CodeIgniter\CodeIgniter->run()
 8 SYSTEMPATH/Boot.php(68): CodeIgniter\Boot::runCodeIgniter()
 9 FCPATH/index.php(59): CodeIgniter\Boot::bootWeb()
CRITICAL - 2026-05-10 06:00:40 --> CodeIgniter\View\Exceptions\ViewException: Invalid file: "users/imc_form.php"
[Method: GET, Route: users/imc]
in SYSTEMPATH/Exceptions/FrameworkException.php on line 39.
 1 SYSTEMPATH/View/View.php(228): CodeIgniter\Exceptions\FrameworkException::forInvalidFile()
 2 SYSTEMPATH/Common.php(1250): CodeIgniter\View\View->render()
 3 APPPATH/Controllers/ImcController.php(58): view()
 4 SYSTEMPATH/CodeIgniter.php(951): App\Controllers\ImcController->form()
 5 SYSTEMPATH/CodeIgniter.php(497): CodeIgniter\CodeIgniter->runController()
 6 SYSTEMPATH/CodeIgniter.php(340): CodeIgniter\CodeIgniter->handleRequest()
 7 SYSTEMPATH/Boot.php(417): CodeIgniter\CodeIgniter->run()
 8 SYSTEMPATH/Boot.php(68): CodeIgniter\Boot::runCodeIgniter()
 9 FCPATH/index.php(59): CodeIgniter\Boot::bootWeb()
CRITICAL - 2026-05-10 06:00:40 --> CodeIgniter\View\Exceptions\ViewException: Invalid file: "users/imc_form.php"
[Method: GET, Route: users/imc]
in SYSTEMPATH/Exceptions/FrameworkException.php on line 39.
 1 SYSTEMPATH/View/View.php(228): CodeIgniter\Exceptions\FrameworkException::forInvalidFile()
 2 SYSTEMPATH/Common.php(1250): CodeIgniter\View\View->render()
 3 APPPATH/Controllers/ImcController.php(58): view()
 4 SYSTEMPATH/CodeIgniter.php(951): App\Controllers\ImcController->form()
 5 SYSTEMPATH/CodeIgniter.php(497): CodeIgniter\CodeIgniter->runController()
 6 SYSTEMPATH/CodeIgniter.php(340): CodeIgniter\CodeIgniter->handleRequest()
 7 SYSTEMPATH/Boot.php(417): CodeIgniter\CodeIgniter->run()
 8 SYSTEMPATH/Boot.php(68): CodeIgniter\Boot::runCodeIgniter()
 9 FCPATH/index.php(59): CodeIgniter\Boot::bootWeb()
CRITICAL - 2026-05-10 06:00:40 --> CodeIgniter\View\Exceptions\ViewException: Invalid file: "users/imc_form.php"
[Method: GET, Route: users/imc]
in SYSTEMPATH/Exceptions/FrameworkException.php on line 39.
 1 SYSTEMPATH/View/View.php(228): CodeIgniter\Exceptions\FrameworkException::forInvalidFile()
 2 SYSTEMPATH/Common.php(1250): CodeIgniter\View\View->render()
 3 APPPATH/Controllers/ImcController.php(58): view()
 4 SYSTEMPATH/CodeIgniter.php(951): App\Controllers\ImcController->form()
 5 SYSTEMPATH/CodeIgniter.php(497): CodeIgniter\CodeIgniter->runController()
 6 SYSTEMPATH/CodeIgniter.php(340): CodeIgniter\CodeIgniter->handleRequest()
 7 SYSTEMPATH/Boot.php(417): CodeIgniter\CodeIgniter->run()
 8 SYSTEMPATH/Boot.php(68): CodeIgniter\Boot::runCodeIgniter()
 9 FCPATH/index.php(59): CodeIgniter\Boot::bootWeb()
CRITICAL - 2026-05-10 06:00:40 --> CodeIgniter\View\Exceptions\ViewException: Invalid file: "users/imc_form.php"
[Method: GET, Route: users/imc]
in SYSTEMPATH/Exceptions/FrameworkException.php on line 39.
 1 SYSTEMPATH/View/View.php(228): CodeIgniter\Exceptions\FrameworkException::forInvalidFile()
 2 SYSTEMPATH/Common.php(1250): CodeIgniter\View\View->render()
 3 APPPATH/Controllers/ImcController.php(58): view()
 4 SYSTEMPATH/CodeIgniter.php(951): App\Controllers\ImcController->form()
 5 SYSTEMPATH/CodeIgniter.php(497): CodeIgniter\CodeIgniter->runController()
 6 SYSTEMPATH/CodeIgniter.php(340): CodeIgniter\CodeIgniter->handleRequest()
 7 SYSTEMPATH/Boot.php(417): CodeIgniter\CodeIgniter->run()
 8 SYSTEMPATH/Boot.php(68): CodeIgniter\Boot::runCodeIgniter()
 9 FCPATH/index.php(59): CodeIgniter\Boot::bootWeb()
CRITICAL - 2026-05-10 06:00:40 --> CodeIgniter\View\Exceptions\ViewException: Invalid file: "users/imc_form.php"
[Method: GET, Route: users/imc]
in SYSTEMPATH/Exceptions/FrameworkException.php on line 39.
 1 SYSTEMPATH/View/View.php(228): CodeIgniter\Exceptions\FrameworkException::forInvalidFile()
 2 SYSTEMPATH/Common.php(1250): CodeIgniter\View\View->render()
 3 APPPATH/Controllers/ImcController.php(58): view()
 4 SYSTEMPATH/CodeIgniter.php(951): App\Controllers\ImcController->form()
 5 SYSTEMPATH/CodeIgniter.php(497): CodeIgniter\CodeIgniter->runController()
 6 SYSTEMPATH/CodeIgniter.php(340): CodeIgniter\CodeIgniter->handleRequest()
 7 SYSTEMPATH/Boot.php(417): CodeIgniter\CodeIgniter->run()
 8 SYSTEMPATH/Boot.php(68): CodeIgniter\Boot::runCodeIgniter()
 9 FCPATH/index.php(59): CodeIgniter\Boot::bootWeb()
CRITICAL - 2026-05-10 06:00:40 --> CodeIgniter\View\Exceptions\ViewException: Invalid file: "users/imc_form.php"
[Method: GET, Route: users/imc]
in SYSTEMPATH/Exceptions/FrameworkException.php on line 39.
 1 SYSTEMPATH/View/View.php(228): CodeIgniter\Exceptions\FrameworkException::forInvalidFile()
 2 SYSTEMPATH/Common.php(1250): CodeIgniter\View\View->render()
 3 APPPATH/Controllers/ImcController.php(58): view()
 4 SYSTEMPATH/CodeIgniter.php(951): App\Controllers\ImcController->form()
 5 SYSTEMPATH/CodeIgniter.php(497): CodeIgniter\CodeIgniter->runController()
 6 SYSTEMPATH/CodeIgniter.php(340): CodeIgniter\CodeIgniter->handleRequest()
 7 SYSTEMPATH/Boot.php(417): CodeIgniter\CodeIgniter->run()
 8 SYSTEMPATH/Boot.php(68): CodeIgniter\Boot::runCodeIgniter()
 9 FCPATH/index.php(59): CodeIgniter\Boot::bootWeb()
CRITICAL - 2026-05-10 06:00:40 --> CodeIgniter\View\Exceptions\ViewException: Invalid file: "users/imc_form.php"
[Method: GET, Route: users/imc]
in SYSTEMPATH/Exceptions/FrameworkException.php on line 39.
 1 SYSTEMPATH/View/View.php(228): CodeIgniter\Exceptions\FrameworkException::forInvalidFile()
 2 SYSTEMPATH/Common.php(1250): CodeIgniter\View\View->render()
 3 APPPATH/Controllers/ImcController.php(58): view()
 4 SYSTEMPATH/CodeIgniter.php(951): App\Controllers\ImcController->form()
 5 SYSTEMPATH/CodeIgniter.php(497): CodeIgniter\CodeIgniter->runController()
 6 SYSTEMPATH/CodeIgniter.php(340): CodeIgniter\CodeIgniter->handleRequest()
 7 SYSTEMPATH/Boot.php(417): CodeIgniter\CodeIgniter->run()
 8 SYSTEMPATH/Boot.php(68): CodeIgniter\Boot::runCodeIgniter()
 9 FCPATH/index.php(59): CodeIgniter\Boot::bootWeb()
CRITICAL - 2026-05-10 06:00:40 --> CodeIgniter\View\Exceptions\ViewException: Invalid file: "users/imc_form.php"
[Method: GET, Route: users/imc]
in SYSTEMPATH/Exceptions/FrameworkException.php on line 39.
 1 SYSTEMPATH/View/View.php(228): CodeIgniter\Exceptions\FrameworkException::forInvalidFile()
 2 SYSTEMPATH/Common.php(1250): CodeIgniter\View\View->render()
 3 APPPATH/Controllers/ImcController.php(58): view()
 4 SYSTEMPATH/CodeIgniter.php(951): App\Controllers\ImcController->form()
 5 SYSTEMPATH/CodeIgniter.php(497): CodeIgniter\CodeIgniter->runController()
 6 SYSTEMPATH/CodeIgniter.php(340): CodeIgniter\CodeIgniter->handleRequest()
 7 SYSTEMPATH/Boot.php(417): CodeIgniter\CodeIgniter->run()
 8 SYSTEMPATH/Boot.php(68): CodeIgniter\Boot::runCodeIgniter()
 9 FCPATH/index.php(59): CodeIgniter\Boot::bootWeb()
CRITICAL - 2026-05-10 06:00:40 --> CodeIgniter\View\Exceptions\ViewException: Invalid file: "users/imc_form.php"
[Method: GET, Route: users/imc]
in SYSTEMPATH/Exceptions/FrameworkException.php on line 39.
 1 SYSTEMPATH/View/View.php(228): CodeIgniter\Exceptions\FrameworkException::forInvalidFile()
 2 SYSTEMPATH/Common.php(1250): CodeIgniter\View\View->render()
 3 APPPATH/Controllers/ImcController.php(58): view()
 4 SYSTEMPATH/CodeIgniter.php(951): App\Controllers\ImcController->form()
 5 SYSTEMPATH/CodeIgniter.php(497): CodeIgniter\CodeIgniter->runController()
 6 SYSTEMPATH/CodeIgniter.php(340): CodeIgniter\CodeIgniter->handleRequest()
 7 SYSTEMPATH/Boot.php(417): CodeIgniter\CodeIgniter->run()
 8 SYSTEMPATH/Boot.php(68): CodeIgniter\Boot::runCodeIgniter()
 9 FCPATH/index.php(59): CodeIgniter\Boot::bootWeb()
CRITICAL - 2026-05-10 06:00:40 --> CodeIgniter\View\Exceptions\ViewException: Invalid file: "users/imc_form.php"
[Method: GET, Route: users/imc]
in SYSTEMPATH/Exceptions/FrameworkException.php on line 39.
 1 SYSTEMPATH/View/View.php(228): CodeIgniter\Exceptions\FrameworkException::forInvalidFile()
 2 SYSTEMPATH/Common.php(1250): CodeIgniter\View\View->render()
 3 APPPATH/Controllers/ImcController.php(58): view()
 4 SYSTEMPATH/CodeIgniter.php(951): App\Controllers\ImcController->form()
 5 SYSTEMPATH/CodeIgniter.php(497): CodeIgniter\CodeIgniter->runController()
 6 SYSTEMPATH/CodeIgniter.php(340): CodeIgniter\CodeIgniter->handleRequest()
 7 SYSTEMPATH/Boot.php(417): CodeIgniter\CodeIgniter->run()
 8 SYSTEMPATH/Boot.php(68): CodeIgniter\Boot::runCodeIgniter()
 9 FCPATH/index.php(59): CodeIgniter\Boot::bootWeb()
CRITICAL - 2026-05-10 06:00:40 --> CodeIgniter\View\Exceptions\ViewException: Invalid file: "users/imc_form.php"
[Method: GET, Route: users/imc]
in SYSTEMPATH/Exceptions/FrameworkException.php on line 39.
 1 SYSTEMPATH/View/View.php(228): CodeIgniter\Exceptions\FrameworkException::forInvalidFile()
 2 SYSTEMPATH/Common.php(1250): CodeIgniter\View\View->render()
 3 APPPATH/Controllers/ImcController.php(58): view()
 4 SYSTEMPATH/CodeIgniter.php(951): App\Controllers\ImcController->form()
 5 SYSTEMPATH/CodeIgniter.php(497): CodeIgniter\CodeIgniter->runController()
 6 SYSTEMPATH/CodeIgniter.php(340): CodeIgniter\CodeIgniter->handleRequest()
 7 SYSTEMPATH/Boot.php(417): CodeIgniter\CodeIgniter->run()
 8 SYSTEMPATH/Boot.php(68): CodeIgniter\Boot::runCodeIgniter()
 9 FCPATH/index.php(59): CodeIgniter\Boot::bootWeb()
DEBUG - 2026-05-10 06:02:20 --> Session: Class initialized using 'CodeIgniter\Session\Handlers\FileHandler' driver.
DEBUG - 2026-05-10 06:02:40 --> Session: Class initialized using 'CodeIgniter\Session\Handlers\FileHandler' driver.
DEBUG - 2026-05-10 06:02:58 --> Session: Class initialized using 'CodeIgniter\Session\Handlers\FileHandler' driver.
DEBUG - 2026-05-10 06:03:08 --> Session: Class initialized using 'CodeIgniter\Session\Handlers\FileHandler' driver.
DEBUG - 2026-05-10 06:04:41 --> Session: Class initialized using 'CodeIgniter\Session\Handlers\FileHandler' driver.
CRITICAL - 2026-05-10 06:04:46 --> CodeIgniter\Security\Exceptions\SecurityException: The action you requested is not allowed.
[Method: POST, Route: users/imc/result]
in SYSTEMPATH/Security/Security.php on line 258.
 1 SYSTEMPATH/Security/Security.php(258): CodeIgniter\Security\Exceptions\SecurityException::forDisallowedAction()
 2 SYSTEMPATH/Filters/CSRF.php(52): CodeIgniter\Security\Security->verify()
 3 SYSTEMPATH/Filters/Filters.php(241): CodeIgniter\Filters\CSRF->before()
 4 SYSTEMPATH/Filters/Filters.php(221): CodeIgniter\Filters\Filters->runBefore()
 5 SYSTEMPATH/CodeIgniter.php(465): CodeIgniter\Filters\Filters->run()
 6 SYSTEMPATH/CodeIgniter.php(340): CodeIgniter\CodeIgniter->handleRequest()
 7 SYSTEMPATH/Boot.php(417): CodeIgniter\CodeIgniter->run()
 8 SYSTEMPATH/Boot.php(68): CodeIgniter\Boot::runCodeIgniter()
 9 FCPATH/index.php(59): CodeIgniter\Boot::bootWeb()
DEBUG - 2026-05-10 06:04:50 --> Session: Class initialized using 'CodeIgniter\Session\Handlers\FileHandler' driver.
CRITICAL - 2026-05-10 06:04:57 --> CodeIgniter\Security\Exceptions\SecurityException: The action you requested is not allowed.
[Method: POST, Route: users/imc/result]
in SYSTEMPATH/Security/Security.php on line 258.
 1 SYSTEMPATH/Security/Security.php(258): CodeIgniter\Security\Exceptions\SecurityException::forDisallowedAction()
 2 SYSTEMPATH/Filters/CSRF.php(52): CodeIgniter\Security\Security->verify()
 3 SYSTEMPATH/Filters/Filters.php(241): CodeIgniter\Filters\CSRF->before()
 4 SYSTEMPATH/Filters/Filters.php(221): CodeIgniter\Filters\Filters->runBefore()
 5 SYSTEMPATH/CodeIgniter.php(465): CodeIgniter\Filters\Filters->run()
 6 SYSTEMPATH/CodeIgniter.php(340): CodeIgniter\CodeIgniter->handleRequest()
 7 SYSTEMPATH/Boot.php(417): CodeIgniter\CodeIgniter->run()
 8 SYSTEMPATH/Boot.php(68): CodeIgniter\Boot::runCodeIgniter()
 9 FCPATH/index.php(59): CodeIgniter\Boot::bootWeb()
DEBUG - 2026-05-10 06:06:25 --> Session: Class initialized using 'CodeIgniter\Session\Handlers\FileHandler' driver.
CRITICAL - 2026-05-10 06:06:32 --> CodeIgniter\Security\Exceptions\SecurityException: The action you requested is not allowed.
[Method: POST, Route: users/imc/calculer]
in SYSTEMPATH/Security/Security.php on line 258.
 1 SYSTEMPATH/Security/Security.php(258): CodeIgniter\Security\Exceptions\SecurityException::forDisallowedAction()
 2 SYSTEMPATH/Filters/CSRF.php(52): CodeIgniter\Security\Security->verify()
 3 SYSTEMPATH/Filters/Filters.php(241): CodeIgniter\Filters\CSRF->before()
 4 SYSTEMPATH/Filters/Filters.php(221): CodeIgniter\Filters\Filters->runBefore()
 5 SYSTEMPATH/CodeIgniter.php(465): CodeIgniter\Filters\Filters->run()
 6 SYSTEMPATH/CodeIgniter.php(340): CodeIgniter\CodeIgniter->handleRequest()
 7 SYSTEMPATH/Boot.php(417): CodeIgniter\CodeIgniter->run()
 8 SYSTEMPATH/Boot.php(68): CodeIgniter\Boot::runCodeIgniter()
 9 FCPATH/index.php(59): CodeIgniter\Boot::bootWeb()
CRITICAL - 2026-05-10 06:10:42 --> CodeIgniter\Security\Exceptions\SecurityException: The action you requested is not allowed.
[Method: POST, Route: users/imc/calculer]
in SYSTEMPATH/Security/Security.php on line 258.
 1 SYSTEMPATH/Security/Security.php(258): CodeIgniter\Security\Exceptions\SecurityException::forDisallowedAction()
 2 SYSTEMPATH/Filters/CSRF.php(52): CodeIgniter\Security\Security->verify()
 3 SYSTEMPATH/Filters/Filters.php(241): CodeIgniter\Filters\CSRF->before()
 4 SYSTEMPATH/Filters/Filters.php(221): CodeIgniter\Filters\Filters->runBefore()
 5 SYSTEMPATH/CodeIgniter.php(465): CodeIgniter\Filters\Filters->run()
 6 SYSTEMPATH/CodeIgniter.php(340): CodeIgniter\CodeIgniter->handleRequest()
 7 SYSTEMPATH/Boot.php(417): CodeIgniter\CodeIgniter->run()
 8 SYSTEMPATH/Boot.php(68): CodeIgniter\Boot::runCodeIgniter()
 9 FCPATH/index.php(59): CodeIgniter\Boot::bootWeb()
CRITICAL - 2026-05-10 06:10:50 --> CodeIgniter\Security\Exceptions\SecurityException: The action you requested is not allowed.
[Method: POST, Route: users/imc/calculer]
in SYSTEMPATH/Security/Security.php on line 258.
 1 SYSTEMPATH/Security/Security.php(258): CodeIgniter\Security\Exceptions\SecurityException::forDisallowedAction()
 2 SYSTEMPATH/Filters/CSRF.php(52): CodeIgniter\Security\Security->verify()
 3 SYSTEMPATH/Filters/Filters.php(241): CodeIgniter\Filters\CSRF->before()
 4 SYSTEMPATH/Filters/Filters.php(221): CodeIgniter\Filters\Filters->runBefore()
 5 SYSTEMPATH/CodeIgniter.php(465): CodeIgniter\Filters\Filters->run()
 6 SYSTEMPATH/CodeIgniter.php(340): CodeIgniter\CodeIgniter->handleRequest()
 7 SYSTEMPATH/Boot.php(417): CodeIgniter\CodeIgniter->run()
 8 SYSTEMPATH/Boot.php(68): CodeIgniter\Boot::runCodeIgniter()
 9 FCPATH/index.php(59): CodeIgniter\Boot::bootWeb()
CRITICAL - 2026-05-10 06:17:27 --> CodeIgniter\Security\Exceptions\SecurityException: The action you requested is not allowed.
[Method: POST, Route: users/imc/calculer]
in SYSTEMPATH/Security/Security.php on line 258.
 1 SYSTEMPATH/Security/Security.php(258): CodeIgniter\Security\Exceptions\SecurityException::forDisallowedAction()
 2 SYSTEMPATH/Filters/CSRF.php(52): CodeIgniter\Security\Security->verify()
 3 SYSTEMPATH/Filters/Filters.php(241): CodeIgniter\Filters\CSRF->before()
 4 SYSTEMPATH/Filters/Filters.php(221): CodeIgniter\Filters\Filters->runBefore()
 5 SYSTEMPATH/CodeIgniter.php(465): CodeIgniter\Filters\Filters->run()
 6 SYSTEMPATH/CodeIgniter.php(340): CodeIgniter\CodeIgniter->handleRequest()
 7 SYSTEMPATH/Boot.php(417): CodeIgniter\CodeIgniter->run()
 8 SYSTEMPATH/Boot.php(68): CodeIgniter\Boot::runCodeIgniter()
 9 FCPATH/index.php(59): CodeIgniter\Boot::bootWeb()
DEBUG - 2026-05-10 06:17:29 --> Session: Class initialized using 'CodeIgniter\Session\Handlers\FileHandler' driver.
CRITICAL - 2026-05-10 06:17:34 --> CodeIgniter\Security\Exceptions\SecurityException: The action you requested is not allowed.
[Method: POST, Route: users/imc/calculer]
in SYSTEMPATH/Security/Security.php on line 258.
 1 SYSTEMPATH/Security/Security.php(258): CodeIgniter\Security\Exceptions\SecurityException::forDisallowedAction()
 2 SYSTEMPATH/Filters/CSRF.php(52): CodeIgniter\Security\Security->verify()
 3 SYSTEMPATH/Filters/Filters.php(241): CodeIgniter\Filters\CSRF->before()
 4 SYSTEMPATH/Filters/Filters.php(221): CodeIgniter\Filters\Filters->runBefore()
 5 SYSTEMPATH/CodeIgniter.php(465): CodeIgniter\Filters\Filters->run()
 6 SYSTEMPATH/CodeIgniter.php(340): CodeIgniter\CodeIgniter->handleRequest()
 7 SYSTEMPATH/Boot.php(417): CodeIgniter\CodeIgniter->run()
 8 SYSTEMPATH/Boot.php(68): CodeIgniter\Boot::runCodeIgniter()
 9 FCPATH/index.php(59): CodeIgniter\Boot::bootWeb()
CRITICAL - 2026-05-10 06:18:14 --> CodeIgniter\Security\Exceptions\SecurityException: The action you requested is not allowed.
[Method: POST, Route: users/imc/calculer]
in SYSTEMPATH/Security/Security.php on line 258.
 1 SYSTEMPATH/Security/Security.php(258): CodeIgniter\Security\Exceptions\SecurityException::forDisallowedAction()
 2 SYSTEMPATH/Filters/CSRF.php(52): CodeIgniter\Security\Security->verify()
 3 SYSTEMPATH/Filters/Filters.php(241): CodeIgniter\Filters\CSRF->before()
 4 SYSTEMPATH/Filters/Filters.php(221): CodeIgniter\Filters\Filters->runBefore()
 5 SYSTEMPATH/CodeIgniter.php(465): CodeIgniter\Filters\Filters->run()
 6 SYSTEMPATH/CodeIgniter.php(340): CodeIgniter\CodeIgniter->handleRequest()
 7 SYSTEMPATH/Boot.php(417): CodeIgniter\CodeIgniter->run()
 8 SYSTEMPATH/Boot.php(68): CodeIgniter\Boot::runCodeIgniter()
 9 FCPATH/index.php(59): CodeIgniter\Boot::bootWeb()
DEBUG - 2026-05-10 06:18:15 --> Session: Class initialized using 'CodeIgniter\Session\Handlers\FileHandler' driver.
CRITICAL - 2026-05-10 06:18:19 --> CodeIgniter\Security\Exceptions\SecurityException: The action you requested is not allowed.
[Method: POST, Route: users/imc/calculer]
in SYSTEMPATH/Security/Security.php on line 258.
 1 SYSTEMPATH/Security/Security.php(258): CodeIgniter\Security\Exceptions\SecurityException::forDisallowedAction()
 2 SYSTEMPATH/Filters/CSRF.php(52): CodeIgniter\Security\Security->verify()
 3 SYSTEMPATH/Filters/Filters.php(241): CodeIgniter\Filters\CSRF->before()
 4 SYSTEMPATH/Filters/Filters.php(221): CodeIgniter\Filters\Filters->runBefore()
 5 SYSTEMPATH/CodeIgniter.php(465): CodeIgniter\Filters\Filters->run()
 6 SYSTEMPATH/CodeIgniter.php(340): CodeIgniter\CodeIgniter->handleRequest()
 7 SYSTEMPATH/Boot.php(417): CodeIgniter\CodeIgniter->run()
 8 SYSTEMPATH/Boot.php(68): CodeIgniter\Boot::runCodeIgniter()
 9 FCPATH/index.php(59): CodeIgniter\Boot::bootWeb()
DEBUG - 2026-05-10 15:07:35 --> Session: Class initialized using 'CodeIgniter\Session\Handlers\FileHandler' driver.
INFO - 2026-05-10 15:07:36 --> CSRF token verified.
DEBUG - 2026-05-10 15:07:36 --> Session: Class initialized using 'CodeIgniter\Session\Handlers\FileHandler' driver.
DEBUG - 2026-05-10 15:07:36 --> Session: Class initialized using 'CodeIgniter\Session\Handlers\FileHandler' driver.
DEBUG - 2026-05-10 15:07:42 --> Session: Class initialized using 'CodeIgniter\Session\Handlers\FileHandler' driver.
DEBUG - 2026-05-10 15:08:03 --> Session: Class initialized using 'CodeIgniter\Session\Handlers\FileHandler' driver.
DEBUG - 2026-05-10 15:08:14 --> Session: Class initialized using 'CodeIgniter\Session\Handlers\FileHandler' driver.
DEBUG - 2026-05-10 15:13:25 --> Session: Class initialized using 'CodeIgniter\Session\Handlers\FileHandler' driver.
INFO - 2026-05-10 15:13:30 --> CSRF token verified.
DEBUG - 2026-05-10 15:13:30 --> Session: Class initialized using 'CodeIgniter\Session\Handlers\FileHandler' driver.
DEBUG - 2026-05-10 15:13:30 --> Session: Class initialized using 'CodeIgniter\Session\Handlers\FileHandler' driver.
DEBUG - 2026-05-10 15:13:38 --> Session: Class initialized using 'CodeIgniter\Session\Handlers\FileHandler' driver.
INFO - 2026-05-10 15:14:03 --> CSRF token verified.
DEBUG - 2026-05-10 15:14:03 --> Session: Class initialized using 'CodeIgniter\Session\Handlers\FileHandler' driver.
DEBUG - 2026-05-10 15:14:03 --> Session: Class initialized using 'CodeIgniter\Session\Handlers\FileHandler' driver.
DEBUG - 2026-05-10 15:24:10 --> Session: Class initialized using 'CodeIgniter\Session\Handlers\FileHandler' driver.
DEBUG - 2026-05-10 15:24:53 --> Session: Class initialized using 'CodeIgniter\Session\Handlers\FileHandler' driver.
ERROR - 2026-05-10 15:24:53 --> Unknown column 'variation_poids' in 'field list'
in SYSTEMPATH/Database/MySQLi/Connection.php on line 300.
 1 SYSTEMPATH/Database/MySQLi/Connection.php(300): mysqli->query()
 2 SYSTEMPATH/Database/BaseConnection.php(910): CodeIgniter\Database\MySQLi\Connection->execute()
 3 SYSTEMPATH/Database/BaseConnection.php(827): CodeIgniter\Database\BaseConnection->simpleQuery()
 4 SYSTEMPATH/Database/BaseBuilder.php(1649): CodeIgniter\Database\BaseConnection->query()
 5 APPPATH/Models/RecommendationModel.php(332): CodeIgniter\Database\BaseBuilder->get()
 6 APPPATH/Models/RecommendationModel.php(291): App\Models\RecommendationModel->selectRegimesForContext()
 7 APPPATH/Controllers/UsersHomepage.php(164): App\Models\RecommendationModel->getSuggestionPreview()
 8 SYSTEMPATH/CodeIgniter.php(951): App\Controllers\UsersHomepage->recommendations()
 9 SYSTEMPATH/CodeIgniter.php(497): CodeIgniter\CodeIgniter->runController()
10 SYSTEMPATH/CodeIgniter.php(340): CodeIgniter\CodeIgniter->handleRequest()
11 SYSTEMPATH/Boot.php(417): CodeIgniter\CodeIgniter->run()
12 SYSTEMPATH/Boot.php(68): CodeIgniter\Boot::runCodeIgniter()
13 FCPATH/index.php(59): CodeIgniter\Boot::bootWeb()
CRITICAL - 2026-05-10 15:24:53 --> CodeIgniter\Database\Exceptions\DatabaseException: Unknown column 'variation_poids' in 'field list'
[Method: GET, Route: users/recommendations]
in SYSTEMPATH/Database/BaseConnection.php on line 865.
 1 SYSTEMPATH/Database/BaseBuilder.php(1649): CodeIgniter\Database\BaseConnection->query()
 2 APPPATH/Models/RecommendationModel.php(332): CodeIgniter\Database\BaseBuilder->get()
 3 APPPATH/Models/RecommendationModel.php(291): App\Models\RecommendationModel->selectRegimesForContext()
 4 APPPATH/Controllers/UsersHomepage.php(164): App\Models\RecommendationModel->getSuggestionPreview()
 5 SYSTEMPATH/CodeIgniter.php(951): App\Controllers\UsersHomepage->recommendations()
 6 SYSTEMPATH/CodeIgniter.php(497): CodeIgniter\CodeIgniter->runController()
 7 SYSTEMPATH/CodeIgniter.php(340): CodeIgniter\CodeIgniter->handleRequest()
 8 SYSTEMPATH/Boot.php(417): CodeIgniter\CodeIgniter->run()
 9 SYSTEMPATH/Boot.php(68): CodeIgniter\Boot::runCodeIgniter()
10 FCPATH/index.php(59): CodeIgniter\Boot::bootWeb()
CRITICAL - 2026-05-10 15:24:53 --> [Caused by] CodeIgniter\Database\Exceptions\DatabaseException: Unknown column 'variation_poids' in 'field list'
in SYSTEMPATH/Database/MySQLi/Connection.php on line 310.
 1 SYSTEMPATH/Database/BaseConnection.php(910): CodeIgniter\Database\MySQLi\Connection->execute()
 2 SYSTEMPATH/Database/BaseConnection.php(827): CodeIgniter\Database\BaseConnection->simpleQuery()
 3 SYSTEMPATH/Database/BaseBuilder.php(1649): CodeIgniter\Database\BaseConnection->query()
 4 APPPATH/Models/RecommendationModel.php(332): CodeIgniter\Database\BaseBuilder->get()
 5 APPPATH/Models/RecommendationModel.php(291): App\Models\RecommendationModel->selectRegimesForContext()
 6 APPPATH/Controllers/UsersHomepage.php(164): App\Models\RecommendationModel->getSuggestionPreview()
 7 SYSTEMPATH/CodeIgniter.php(951): App\Controllers\UsersHomepage->recommendations()
 8 SYSTEMPATH/CodeIgniter.php(497): CodeIgniter\CodeIgniter->runController()
 9 SYSTEMPATH/CodeIgniter.php(340): CodeIgniter\CodeIgniter->handleRequest()
10 SYSTEMPATH/Boot.php(417): CodeIgniter\CodeIgniter->run()
11 SYSTEMPATH/Boot.php(68): CodeIgniter\Boot::runCodeIgniter()
12 FCPATH/index.php(59): CodeIgniter\Boot::bootWeb()
CRITICAL - 2026-05-10 15:24:53 --> [Caused by] mysqli_sql_exception: Unknown column 'variation_poids' in 'field list'
in SYSTEMPATH/Database/MySQLi/Connection.php on line 300.
 1 SYSTEMPATH/Database/MySQLi/Connection.php(300): mysqli->query()
 2 SYSTEMPATH/Database/BaseConnection.php(910): CodeIgniter\Database\MySQLi\Connection->execute()
 3 SYSTEMPATH/Database/BaseConnection.php(827): CodeIgniter\Database\BaseConnection->simpleQuery()
 4 SYSTEMPATH/Database/BaseBuilder.php(1649): CodeIgniter\Database\BaseConnection->query()
 5 APPPATH/Models/RecommendationModel.php(332): CodeIgniter\Database\BaseBuilder->get()
 6 APPPATH/Models/RecommendationModel.php(291): App\Models\RecommendationModel->selectRegimesForContext()
 7 APPPATH/Controllers/UsersHomepage.php(164): App\Models\RecommendationModel->getSuggestionPreview()
 8 SYSTEMPATH/CodeIgniter.php(951): App\Controllers\UsersHomepage->recommendations()
 9 SYSTEMPATH/CodeIgniter.php(497): CodeIgniter\CodeIgniter->runController()
10 SYSTEMPATH/CodeIgniter.php(340): CodeIgniter\CodeIgniter->handleRequest()
11 SYSTEMPATH/Boot.php(417): CodeIgniter\CodeIgniter->run()
12 SYSTEMPATH/Boot.php(68): CodeIgniter\Boot::runCodeIgniter()
13 FCPATH/index.php(59): CodeIgniter\Boot::bootWeb()
DEBUG - 2026-05-10 15:25:11 --> Session: Class initialized using 'CodeIgniter\Session\Handlers\FileHandler' driver.
ERROR - 2026-05-10 15:25:11 --> Unknown column 'variation_poids' in 'field list'
in SYSTEMPATH/Database/MySQLi/Connection.php on line 300.
 1 SYSTEMPATH/Database/MySQLi/Connection.php(300): mysqli->query()
 2 SYSTEMPATH/Database/BaseConnection.php(910): CodeIgniter\Database\MySQLi\Connection->execute()
 3 SYSTEMPATH/Database/BaseConnection.php(827): CodeIgniter\Database\BaseConnection->simpleQuery()
 4 SYSTEMPATH/Database/BaseBuilder.php(1649): CodeIgniter\Database\BaseConnection->query()
 5 APPPATH/Models/RecommendationModel.php(332): CodeIgniter\Database\BaseBuilder->get()
 6 APPPATH/Models/RecommendationModel.php(291): App\Models\RecommendationModel->selectRegimesForContext()
 7 APPPATH/Controllers/UsersHomepage.php(164): App\Models\RecommendationModel->getSuggestionPreview()
 8 SYSTEMPATH/CodeIgniter.php(951): App\Controllers\UsersHomepage->recommendations()
 9 SYSTEMPATH/CodeIgniter.php(497): CodeIgniter\CodeIgniter->runController()
10 SYSTEMPATH/CodeIgniter.php(340): CodeIgniter\CodeIgniter->handleRequest()
11 SYSTEMPATH/Boot.php(417): CodeIgniter\CodeIgniter->run()
12 SYSTEMPATH/Boot.php(68): CodeIgniter\Boot::runCodeIgniter()
13 FCPATH/index.php(59): CodeIgniter\Boot::bootWeb()
CRITICAL - 2026-05-10 15:25:11 --> CodeIgniter\Database\Exceptions\DatabaseException: Unknown column 'variation_poids' in 'field list'
[Method: GET, Route: users/recommendations]
in SYSTEMPATH/Database/BaseConnection.php on line 865.
 1 SYSTEMPATH/Database/BaseBuilder.php(1649): CodeIgniter\Database\BaseConnection->query()
 2 APPPATH/Models/RecommendationModel.php(332): CodeIgniter\Database\BaseBuilder->get()
 3 APPPATH/Models/RecommendationModel.php(291): App\Models\RecommendationModel->selectRegimesForContext()
 4 APPPATH/Controllers/UsersHomepage.php(164): App\Models\RecommendationModel->getSuggestionPreview()
 5 SYSTEMPATH/CodeIgniter.php(951): App\Controllers\UsersHomepage->recommendations()
 6 SYSTEMPATH/CodeIgniter.php(497): CodeIgniter\CodeIgniter->runController()
 7 SYSTEMPATH/CodeIgniter.php(340): CodeIgniter\CodeIgniter->handleRequest()
 8 SYSTEMPATH/Boot.php(417): CodeIgniter\CodeIgniter->run()
 9 SYSTEMPATH/Boot.php(68): CodeIgniter\Boot::runCodeIgniter()
10 FCPATH/index.php(59): CodeIgniter\Boot::bootWeb()
CRITICAL - 2026-05-10 15:25:11 --> [Caused by] CodeIgniter\Database\Exceptions\DatabaseException: Unknown column 'variation_poids' in 'field list'
in SYSTEMPATH/Database/MySQLi/Connection.php on line 310.
 1 SYSTEMPATH/Database/BaseConnection.php(910): CodeIgniter\Database\MySQLi\Connection->execute()
 2 SYSTEMPATH/Database/BaseConnection.php(827): CodeIgniter\Database\BaseConnection->simpleQuery()
 3 SYSTEMPATH/Database/BaseBuilder.php(1649): CodeIgniter\Database\BaseConnection->query()
 4 APPPATH/Models/RecommendationModel.php(332): CodeIgniter\Database\BaseBuilder->get()
 5 APPPATH/Models/RecommendationModel.php(291): App\Models\RecommendationModel->selectRegimesForContext()
 6 APPPATH/Controllers/UsersHomepage.php(164): App\Models\RecommendationModel->getSuggestionPreview()
 7 SYSTEMPATH/CodeIgniter.php(951): App\Controllers\UsersHomepage->recommendations()
 8 SYSTEMPATH/CodeIgniter.php(497): CodeIgniter\CodeIgniter->runController()
 9 SYSTEMPATH/CodeIgniter.php(340): CodeIgniter\CodeIgniter->handleRequest()
10 SYSTEMPATH/Boot.php(417): CodeIgniter\CodeIgniter->run()
11 SYSTEMPATH/Boot.php(68): CodeIgniter\Boot::runCodeIgniter()
12 FCPATH/index.php(59): CodeIgniter\Boot::bootWeb()
CRITICAL - 2026-05-10 15:25:11 --> [Caused by] mysqli_sql_exception: Unknown column 'variation_poids' in 'field list'
in SYSTEMPATH/Database/MySQLi/Connection.php on line 300.
 1 SYSTEMPATH/Database/MySQLi/Connection.php(300): mysqli->query()
 2 SYSTEMPATH/Database/BaseConnection.php(910): CodeIgniter\Database\MySQLi\Connection->execute()
 3 SYSTEMPATH/Database/BaseConnection.php(827): CodeIgniter\Database\BaseConnection->simpleQuery()
 4 SYSTEMPATH/Database/BaseBuilder.php(1649): CodeIgniter\Database\BaseConnection->query()
 5 APPPATH/Models/RecommendationModel.php(332): CodeIgniter\Database\BaseBuilder->get()
 6 APPPATH/Models/RecommendationModel.php(291): App\Models\RecommendationModel->selectRegimesForContext()
 7 APPPATH/Controllers/UsersHomepage.php(164): App\Models\RecommendationModel->getSuggestionPreview()
 8 SYSTEMPATH/CodeIgniter.php(951): App\Controllers\UsersHomepage->recommendations()
 9 SYSTEMPATH/CodeIgniter.php(497): CodeIgniter\CodeIgniter->runController()
10 SYSTEMPATH/CodeIgniter.php(340): CodeIgniter\CodeIgniter->handleRequest()
11 SYSTEMPATH/Boot.php(417): CodeIgniter\CodeIgniter->run()
12 SYSTEMPATH/Boot.php(68): CodeIgniter\Boot::runCodeIgniter()
13 FCPATH/index.php(59): CodeIgniter\Boot::bootWeb()
DEBUG - 2026-05-10 15:25:14 --> Session: Class initialized using 'CodeIgniter\Session\Handlers\FileHandler' driver.
ERROR - 2026-05-10 15:25:14 --> Unknown column 'variation_poids' in 'field list'
in SYSTEMPATH/Database/MySQLi/Connection.php on line 300.
 1 SYSTEMPATH/Database/MySQLi/Connection.php(300): mysqli->query()
 2 SYSTEMPATH/Database/BaseConnection.php(910): CodeIgniter\Database\MySQLi\Connection->execute()
 3 SYSTEMPATH/Database/BaseConnection.php(827): CodeIgniter\Database\BaseConnection->simpleQuery()
 4 SYSTEMPATH/Database/BaseBuilder.php(1649): CodeIgniter\Database\BaseConnection->query()
 5 APPPATH/Models/RecommendationModel.php(332): CodeIgniter\Database\BaseBuilder->get()
 6 APPPATH/Models/RecommendationModel.php(291): App\Models\RecommendationModel->selectRegimesForContext()
 7 APPPATH/Controllers/UsersHomepage.php(164): App\Models\RecommendationModel->getSuggestionPreview()
 8 SYSTEMPATH/CodeIgniter.php(951): App\Controllers\UsersHomepage->recommendations()
 9 SYSTEMPATH/CodeIgniter.php(497): CodeIgniter\CodeIgniter->runController()
10 SYSTEMPATH/CodeIgniter.php(340): CodeIgniter\CodeIgniter->handleRequest()
11 SYSTEMPATH/Boot.php(417): CodeIgniter\CodeIgniter->run()
12 SYSTEMPATH/Boot.php(68): CodeIgniter\Boot::runCodeIgniter()
13 FCPATH/index.php(59): CodeIgniter\Boot::bootWeb()
CRITICAL - 2026-05-10 15:25:14 --> CodeIgniter\Database\Exceptions\DatabaseException: Unknown column 'variation_poids' in 'field list'
[Method: GET, Route: users/recommendations]
in SYSTEMPATH/Database/BaseConnection.php on line 865.
 1 SYSTEMPATH/Database/BaseBuilder.php(1649): CodeIgniter\Database\BaseConnection->query()
 2 APPPATH/Models/RecommendationModel.php(332): CodeIgniter\Database\BaseBuilder->get()
 3 APPPATH/Models/RecommendationModel.php(291): App\Models\RecommendationModel->selectRegimesForContext()
 4 APPPATH/Controllers/UsersHomepage.php(164): App\Models\RecommendationModel->getSuggestionPreview()
 5 SYSTEMPATH/CodeIgniter.php(951): App\Controllers\UsersHomepage->recommendations()
 6 SYSTEMPATH/CodeIgniter.php(497): CodeIgniter\CodeIgniter->runController()
 7 SYSTEMPATH/CodeIgniter.php(340): CodeIgniter\CodeIgniter->handleRequest()
 8 SYSTEMPATH/Boot.php(417): CodeIgniter\CodeIgniter->run()
 9 SYSTEMPATH/Boot.php(68): CodeIgniter\Boot::runCodeIgniter()
10 FCPATH/index.php(59): CodeIgniter\Boot::bootWeb()
CRITICAL - 2026-05-10 15:25:14 --> [Caused by] CodeIgniter\Database\Exceptions\DatabaseException: Unknown column 'variation_poids' in 'field list'
in SYSTEMPATH/Database/MySQLi/Connection.php on line 310.
 1 SYSTEMPATH/Database/BaseConnection.php(910): CodeIgniter\Database\MySQLi\Connection->execute()
 2 SYSTEMPATH/Database/BaseConnection.php(827): CodeIgniter\Database\BaseConnection->simpleQuery()
 3 SYSTEMPATH/Database/BaseBuilder.php(1649): CodeIgniter\Database\BaseConnection->query()
 4 APPPATH/Models/RecommendationModel.php(332): CodeIgniter\Database\BaseBuilder->get()
 5 APPPATH/Models/RecommendationModel.php(291): App\Models\RecommendationModel->selectRegimesForContext()
 6 APPPATH/Controllers/UsersHomepage.php(164): App\Models\RecommendationModel->getSuggestionPreview()
 7 SYSTEMPATH/CodeIgniter.php(951): App\Controllers\UsersHomepage->recommendations()
 8 SYSTEMPATH/CodeIgniter.php(497): CodeIgniter\CodeIgniter->runController()
 9 SYSTEMPATH/CodeIgniter.php(340): CodeIgniter\CodeIgniter->handleRequest()
10 SYSTEMPATH/Boot.php(417): CodeIgniter\CodeIgniter->run()
11 SYSTEMPATH/Boot.php(68): CodeIgniter\Boot::runCodeIgniter()
12 FCPATH/index.php(59): CodeIgniter\Boot::bootWeb()
CRITICAL - 2026-05-10 15:25:14 --> [Caused by] mysqli_sql_exception: Unknown column 'variation_poids' in 'field list'
in SYSTEMPATH/Database/MySQLi/Connection.php on line 300.
 1 SYSTEMPATH/Database/MySQLi/Connection.php(300): mysqli->query()
 2 SYSTEMPATH/Database/BaseConnection.php(910): CodeIgniter\Database\MySQLi\Connection->execute()
 3 SYSTEMPATH/Database/BaseConnection.php(827): CodeIgniter\Database\BaseConnection->simpleQuery()
 4 SYSTEMPATH/Database/BaseBuilder.php(1649): CodeIgniter\Database\BaseConnection->query()
 5 APPPATH/Models/RecommendationModel.php(332): CodeIgniter\Database\BaseBuilder->get()
 6 APPPATH/Models/RecommendationModel.php(291): App\Models\RecommendationModel->selectRegimesForContext()
 7 APPPATH/Controllers/UsersHomepage.php(164): App\Models\RecommendationModel->getSuggestionPreview()
 8 SYSTEMPATH/CodeIgniter.php(951): App\Controllers\UsersHomepage->recommendations()
 9 SYSTEMPATH/CodeIgniter.php(497): CodeIgniter\CodeIgniter->runController()
10 SYSTEMPATH/CodeIgniter.php(340): CodeIgniter\CodeIgniter->handleRequest()
11 SYSTEMPATH/Boot.php(417): CodeIgniter\CodeIgniter->run()
12 SYSTEMPATH/Boot.php(68): CodeIgniter\Boot::runCodeIgniter()
13 FCPATH/index.php(59): CodeIgniter\Boot::bootWeb()
DEBUG - 2026-05-10 15:25:15 --> Session: Class initialized using 'CodeIgniter\Session\Handlers\FileHandler' driver.
DEBUG - 2026-05-10 15:25:17 --> Session: Class initialized using 'CodeIgniter\Session\Handlers\FileHandler' driver.
ERROR - 2026-05-10 15:25:17 --> Unknown column 'variation_poids' in 'field list'
in SYSTEMPATH/Database/MySQLi/Connection.php on line 300.
 1 SYSTEMPATH/Database/MySQLi/Connection.php(300): mysqli->query()
 2 SYSTEMPATH/Database/BaseConnection.php(910): CodeIgniter\Database\MySQLi\Connection->execute()
 3 SYSTEMPATH/Database/BaseConnection.php(827): CodeIgniter\Database\BaseConnection->simpleQuery()
 4 SYSTEMPATH/Database/BaseBuilder.php(1649): CodeIgniter\Database\BaseConnection->query()
 5 APPPATH/Models/RecommendationModel.php(332): CodeIgniter\Database\BaseBuilder->get()
 6 APPPATH/Models/RecommendationModel.php(291): App\Models\RecommendationModel->selectRegimesForContext()
 7 APPPATH/Controllers/UsersHomepage.php(164): App\Models\RecommendationModel->getSuggestionPreview()
 8 SYSTEMPATH/CodeIgniter.php(951): App\Controllers\UsersHomepage->recommendations()
 9 SYSTEMPATH/CodeIgniter.php(497): CodeIgniter\CodeIgniter->runController()
10 SYSTEMPATH/CodeIgniter.php(340): CodeIgniter\CodeIgniter->handleRequest()
11 SYSTEMPATH/Boot.php(417): CodeIgniter\CodeIgniter->run()
12 SYSTEMPATH/Boot.php(68): CodeIgniter\Boot::runCodeIgniter()
13 FCPATH/index.php(59): CodeIgniter\Boot::bootWeb()
CRITICAL - 2026-05-10 15:25:17 --> CodeIgniter\Database\Exceptions\DatabaseException: Unknown column 'variation_poids' in 'field list'
[Method: GET, Route: users/recommendations]
in SYSTEMPATH/Database/BaseConnection.php on line 865.
 1 SYSTEMPATH/Database/BaseBuilder.php(1649): CodeIgniter\Database\BaseConnection->query()
 2 APPPATH/Models/RecommendationModel.php(332): CodeIgniter\Database\BaseBuilder->get()
 3 APPPATH/Models/RecommendationModel.php(291): App\Models\RecommendationModel->selectRegimesForContext()
 4 APPPATH/Controllers/UsersHomepage.php(164): App\Models\RecommendationModel->getSuggestionPreview()
 5 SYSTEMPATH/CodeIgniter.php(951): App\Controllers\UsersHomepage->recommendations()
 6 SYSTEMPATH/CodeIgniter.php(497): CodeIgniter\CodeIgniter->runController()
 7 SYSTEMPATH/CodeIgniter.php(340): CodeIgniter\CodeIgniter->handleRequest()
 8 SYSTEMPATH/Boot.php(417): CodeIgniter\CodeIgniter->run()
 9 SYSTEMPATH/Boot.php(68): CodeIgniter\Boot::runCodeIgniter()
10 FCPATH/index.php(59): CodeIgniter\Boot::bootWeb()
CRITICAL - 2026-05-10 15:25:17 --> [Caused by] CodeIgniter\Database\Exceptions\DatabaseException: Unknown column 'variation_poids' in 'field list'
in SYSTEMPATH/Database/MySQLi/Connection.php on line 310.
 1 SYSTEMPATH/Database/BaseConnection.php(910): CodeIgniter\Database\MySQLi\Connection->execute()
 2 SYSTEMPATH/Database/BaseConnection.php(827): CodeIgniter\Database\BaseConnection->simpleQuery()
 3 SYSTEMPATH/Database/BaseBuilder.php(1649): CodeIgniter\Database\BaseConnection->query()
 4 APPPATH/Models/RecommendationModel.php(332): CodeIgniter\Database\BaseBuilder->get()
 5 APPPATH/Models/RecommendationModel.php(291): App\Models\RecommendationModel->selectRegimesForContext()
 6 APPPATH/Controllers/UsersHomepage.php(164): App\Models\RecommendationModel->getSuggestionPreview()
 7 SYSTEMPATH/CodeIgniter.php(951): App\Controllers\UsersHomepage->recommendations()
 8 SYSTEMPATH/CodeIgniter.php(497): CodeIgniter\CodeIgniter->runController()
 9 SYSTEMPATH/CodeIgniter.php(340): CodeIgniter\CodeIgniter->handleRequest()
10 SYSTEMPATH/Boot.php(417): CodeIgniter\CodeIgniter->run()
11 SYSTEMPATH/Boot.php(68): CodeIgniter\Boot::runCodeIgniter()
12 FCPATH/index.php(59): CodeIgniter\Boot::bootWeb()
CRITICAL - 2026-05-10 15:25:17 --> [Caused by] mysqli_sql_exception: Unknown column 'variation_poids' in 'field list'
in SYSTEMPATH/Database/MySQLi/Connection.php on line 300.
 1 SYSTEMPATH/Database/MySQLi/Connection.php(300): mysqli->query()
 2 SYSTEMPATH/Database/BaseConnection.php(910): CodeIgniter\Database\MySQLi\Connection->execute()
 3 SYSTEMPATH/Database/BaseConnection.php(827): CodeIgniter\Database\BaseConnection->simpleQuery()
 4 SYSTEMPATH/Database/BaseBuilder.php(1649): CodeIgniter\Database\BaseConnection->query()
 5 APPPATH/Models/RecommendationModel.php(332): CodeIgniter\Database\BaseBuilder->get()
 6 APPPATH/Models/RecommendationModel.php(291): App\Models\RecommendationModel->selectRegimesForContext()
 7 APPPATH/Controllers/UsersHomepage.php(164): App\Models\RecommendationModel->getSuggestionPreview()
 8 SYSTEMPATH/CodeIgniter.php(951): App\Controllers\UsersHomepage->recommendations()
 9 SYSTEMPATH/CodeIgniter.php(497): CodeIgniter\CodeIgniter->runController()
10 SYSTEMPATH/CodeIgniter.php(340): CodeIgniter\CodeIgniter->handleRequest()
11 SYSTEMPATH/Boot.php(417): CodeIgniter\CodeIgniter->run()
12 SYSTEMPATH/Boot.php(68): CodeIgniter\Boot::runCodeIgniter()
13 FCPATH/index.php(59): CodeIgniter\Boot::bootWeb()
DEBUG - 2026-05-10 15:25:20 --> Session: Class initialized using 'CodeIgniter\Session\Handlers\FileHandler' driver.
DEBUG - 2026-05-10 15:25:21 --> Session: Class initialized using 'CodeIgniter\Session\Handlers\FileHandler' driver.
ERROR - 2026-05-10 15:25:21 --> Unknown column 'variation_poids' in 'field list'
in SYSTEMPATH/Database/MySQLi/Connection.php on line 300.
 1 SYSTEMPATH/Database/MySQLi/Connection.php(300): mysqli->query()
 2 SYSTEMPATH/Database/BaseConnection.php(910): CodeIgniter\Database\MySQLi\Connection->execute()
 3 SYSTEMPATH/Database/BaseConnection.php(827): CodeIgniter\Database\BaseConnection->simpleQuery()
 4 SYSTEMPATH/Database/BaseBuilder.php(1649): CodeIgniter\Database\BaseConnection->query()
 5 APPPATH/Models/RecommendationModel.php(332): CodeIgniter\Database\BaseBuilder->get()
 6 APPPATH/Models/RecommendationModel.php(291): App\Models\RecommendationModel->selectRegimesForContext()
 7 APPPATH/Controllers/UsersHomepage.php(164): App\Models\RecommendationModel->getSuggestionPreview()
 8 SYSTEMPATH/CodeIgniter.php(951): App\Controllers\UsersHomepage->recommendations()
 9 SYSTEMPATH/CodeIgniter.php(497): CodeIgniter\CodeIgniter->runController()
10 SYSTEMPATH/CodeIgniter.php(340): CodeIgniter\CodeIgniter->handleRequest()
11 SYSTEMPATH/Boot.php(417): CodeIgniter\CodeIgniter->run()
12 SYSTEMPATH/Boot.php(68): CodeIgniter\Boot::runCodeIgniter()
13 FCPATH/index.php(59): CodeIgniter\Boot::bootWeb()
CRITICAL - 2026-05-10 15:25:21 --> CodeIgniter\Database\Exceptions\DatabaseException: Unknown column 'variation_poids' in 'field list'
[Method: GET, Route: users/recommendations]
in SYSTEMPATH/Database/BaseConnection.php on line 865.
 1 SYSTEMPATH/Database/BaseBuilder.php(1649): CodeIgniter\Database\BaseConnection->query()
 2 APPPATH/Models/RecommendationModel.php(332): CodeIgniter\Database\BaseBuilder->get()
 3 APPPATH/Models/RecommendationModel.php(291): App\Models\RecommendationModel->selectRegimesForContext()
 4 APPPATH/Controllers/UsersHomepage.php(164): App\Models\RecommendationModel->getSuggestionPreview()
 5 SYSTEMPATH/CodeIgniter.php(951): App\Controllers\UsersHomepage->recommendations()
 6 SYSTEMPATH/CodeIgniter.php(497): CodeIgniter\CodeIgniter->runController()
 7 SYSTEMPATH/CodeIgniter.php(340): CodeIgniter\CodeIgniter->handleRequest()
 8 SYSTEMPATH/Boot.php(417): CodeIgniter\CodeIgniter->run()
 9 SYSTEMPATH/Boot.php(68): CodeIgniter\Boot::runCodeIgniter()
10 FCPATH/index.php(59): CodeIgniter\Boot::bootWeb()
CRITICAL - 2026-05-10 15:25:21 --> [Caused by] CodeIgniter\Database\Exceptions\DatabaseException: Unknown column 'variation_poids' in 'field list'
in SYSTEMPATH/Database/MySQLi/Connection.php on line 310.
 1 SYSTEMPATH/Database/BaseConnection.php(910): CodeIgniter\Database\MySQLi\Connection->execute()
 2 SYSTEMPATH/Database/BaseConnection.php(827): CodeIgniter\Database\BaseConnection->simpleQuery()
 3 SYSTEMPATH/Database/BaseBuilder.php(1649): CodeIgniter\Database\BaseConnection->query()
 4 APPPATH/Models/RecommendationModel.php(332): CodeIgniter\Database\BaseBuilder->get()
 5 APPPATH/Models/RecommendationModel.php(291): App\Models\RecommendationModel->selectRegimesForContext()
 6 APPPATH/Controllers/UsersHomepage.php(164): App\Models\RecommendationModel->getSuggestionPreview()
 7 SYSTEMPATH/CodeIgniter.php(951): App\Controllers\UsersHomepage->recommendations()
 8 SYSTEMPATH/CodeIgniter.php(497): CodeIgniter\CodeIgniter->runController()
 9 SYSTEMPATH/CodeIgniter.php(340): CodeIgniter\CodeIgniter->handleRequest()
10 SYSTEMPATH/Boot.php(417): CodeIgniter\CodeIgniter->run()
11 SYSTEMPATH/Boot.php(68): CodeIgniter\Boot::runCodeIgniter()
12 FCPATH/index.php(59): CodeIgniter\Boot::bootWeb()
CRITICAL - 2026-05-10 15:25:21 --> [Caused by] mysqli_sql_exception: Unknown column 'variation_poids' in 'field list'
in SYSTEMPATH/Database/MySQLi/Connection.php on line 300.
 1 SYSTEMPATH/Database/MySQLi/Connection.php(300): mysqli->query()
 2 SYSTEMPATH/Database/BaseConnection.php(910): CodeIgniter\Database\MySQLi\Connection->execute()
 3 SYSTEMPATH/Database/BaseConnection.php(827): CodeIgniter\Database\BaseConnection->simpleQuery()
 4 SYSTEMPATH/Database/BaseBuilder.php(1649): CodeIgniter\Database\BaseConnection->query()
 5 APPPATH/Models/RecommendationModel.php(332): CodeIgniter\Database\BaseBuilder->get()
 6 APPPATH/Models/RecommendationModel.php(291): App\Models\RecommendationModel->selectRegimesForContext()
 7 APPPATH/Controllers/UsersHomepage.php(164): App\Models\RecommendationModel->getSuggestionPreview()
 8 SYSTEMPATH/CodeIgniter.php(951): App\Controllers\UsersHomepage->recommendations()
 9 SYSTEMPATH/CodeIgniter.php(497): CodeIgniter\CodeIgniter->runController()
10 SYSTEMPATH/CodeIgniter.php(340): CodeIgniter\CodeIgniter->handleRequest()
11 SYSTEMPATH/Boot.php(417): CodeIgniter\CodeIgniter->run()
12 SYSTEMPATH/Boot.php(68): CodeIgniter\Boot::runCodeIgniter()
13 FCPATH/index.php(59): CodeIgniter\Boot::bootWeb()
DEBUG - 2026-05-10 15:25:24 --> Session: Class initialized using 'CodeIgniter\Session\Handlers\FileHandler' driver.
DEBUG - 2026-05-10 15:28:16 --> Session: Class initialized using 'CodeIgniter\Session\Handlers\FileHandler' driver.
DEBUG - 2026-05-10 15:28:17 --> Session: Class initialized using 'CodeIgniter\Session\Handlers\FileHandler' driver.
ERROR - 2026-05-10 15:28:17 --> Unknown column 'r.type_regime_id' in 'on clause'
in SYSTEMPATH/Database/MySQLi/Connection.php on line 300.
 1 SYSTEMPATH/Database/MySQLi/Connection.php(300): mysqli->query()
 2 SYSTEMPATH/Database/BaseConnection.php(910): CodeIgniter\Database\MySQLi\Connection->execute()
 3 SYSTEMPATH/Database/BaseConnection.php(827): CodeIgniter\Database\BaseConnection->simpleQuery()
 4 SYSTEMPATH/Database/BaseBuilder.php(1649): CodeIgniter\Database\BaseConnection->query()
 5 APPPATH/Models/RecommendationModel.php(152): CodeIgniter\Database\BaseBuilder->get()
 6 APPPATH/Controllers/UsersHomepage.php(165): App\Models\RecommendationModel->getAvecDetails()
 7 SYSTEMPATH/CodeIgniter.php(951): App\Controllers\UsersHomepage->recommendations()
 8 SYSTEMPATH/CodeIgniter.php(497): CodeIgniter\CodeIgniter->runController()
 9 SYSTEMPATH/CodeIgniter.php(340): CodeIgniter\CodeIgniter->handleRequest()
10 SYSTEMPATH/Boot.php(417): CodeIgniter\CodeIgniter->run()
11 SYSTEMPATH/Boot.php(68): CodeIgniter\Boot::runCodeIgniter()
12 FCPATH/index.php(59): CodeIgniter\Boot::bootWeb()
CRITICAL - 2026-05-10 15:28:17 --> CodeIgniter\Database\Exceptions\DatabaseException: Unknown column 'r.type_regime_id' in 'on clause'
[Method: GET, Route: users/recommendations]
in SYSTEMPATH/Database/BaseConnection.php on line 865.
 1 SYSTEMPATH/Database/BaseBuilder.php(1649): CodeIgniter\Database\BaseConnection->query()
 2 APPPATH/Models/RecommendationModel.php(152): CodeIgniter\Database\BaseBuilder->get()
 3 APPPATH/Controllers/UsersHomepage.php(165): App\Models\RecommendationModel->getAvecDetails()
 4 SYSTEMPATH/CodeIgniter.php(951): App\Controllers\UsersHomepage->recommendations()
 5 SYSTEMPATH/CodeIgniter.php(497): CodeIgniter\CodeIgniter->runController()
 6 SYSTEMPATH/CodeIgniter.php(340): CodeIgniter\CodeIgniter->handleRequest()
 7 SYSTEMPATH/Boot.php(417): CodeIgniter\CodeIgniter->run()
 8 SYSTEMPATH/Boot.php(68): CodeIgniter\Boot::runCodeIgniter()
 9 FCPATH/index.php(59): CodeIgniter\Boot::bootWeb()
CRITICAL - 2026-05-10 15:28:17 --> [Caused by] CodeIgniter\Database\Exceptions\DatabaseException: Unknown column 'r.type_regime_id' in 'on clause'
in SYSTEMPATH/Database/MySQLi/Connection.php on line 310.
 1 SYSTEMPATH/Database/BaseConnection.php(910): CodeIgniter\Database\MySQLi\Connection->execute()
 2 SYSTEMPATH/Database/BaseConnection.php(827): CodeIgniter\Database\BaseConnection->simpleQuery()
 3 SYSTEMPATH/Database/BaseBuilder.php(1649): CodeIgniter\Database\BaseConnection->query()
 4 APPPATH/Models/RecommendationModel.php(152): CodeIgniter\Database\BaseBuilder->get()
 5 APPPATH/Controllers/UsersHomepage.php(165): App\Models\RecommendationModel->getAvecDetails()
 6 SYSTEMPATH/CodeIgniter.php(951): App\Controllers\UsersHomepage->recommendations()
 7 SYSTEMPATH/CodeIgniter.php(497): CodeIgniter\CodeIgniter->runController()
 8 SYSTEMPATH/CodeIgniter.php(340): CodeIgniter\CodeIgniter->handleRequest()
 9 SYSTEMPATH/Boot.php(417): CodeIgniter\CodeIgniter->run()
10 SYSTEMPATH/Boot.php(68): CodeIgniter\Boot::runCodeIgniter()
11 FCPATH/index.php(59): CodeIgniter\Boot::bootWeb()
CRITICAL - 2026-05-10 15:28:17 --> [Caused by] mysqli_sql_exception: Unknown column 'r.type_regime_id' in 'on clause'
in SYSTEMPATH/Database/MySQLi/Connection.php on line 300.
 1 SYSTEMPATH/Database/MySQLi/Connection.php(300): mysqli->query()
 2 SYSTEMPATH/Database/BaseConnection.php(910): CodeIgniter\Database\MySQLi\Connection->execute()
 3 SYSTEMPATH/Database/BaseConnection.php(827): CodeIgniter\Database\BaseConnection->simpleQuery()
 4 SYSTEMPATH/Database/BaseBuilder.php(1649): CodeIgniter\Database\BaseConnection->query()
 5 APPPATH/Models/RecommendationModel.php(152): CodeIgniter\Database\BaseBuilder->get()
 6 APPPATH/Controllers/UsersHomepage.php(165): App\Models\RecommendationModel->getAvecDetails()
 7 SYSTEMPATH/CodeIgniter.php(951): App\Controllers\UsersHomepage->recommendations()
 8 SYSTEMPATH/CodeIgniter.php(497): CodeIgniter\CodeIgniter->runController()
 9 SYSTEMPATH/CodeIgniter.php(340): CodeIgniter\CodeIgniter->handleRequest()
10 SYSTEMPATH/Boot.php(417): CodeIgniter\CodeIgniter->run()
11 SYSTEMPATH/Boot.php(68): CodeIgniter\Boot::runCodeIgniter()
12 FCPATH/index.php(59): CodeIgniter\Boot::bootWeb()
DEBUG - 2026-05-10 15:28:20 --> Session: Class initialized using 'CodeIgniter\Session\Handlers\FileHandler' driver.
INFO - 2026-05-10 15:28:24 --> CSRF token verified.
DEBUG - 2026-05-10 15:28:24 --> Session: Class initialized using 'CodeIgniter\Session\Handlers\FileHandler' driver.
DEBUG - 2026-05-10 15:28:24 --> Session: Class initialized using 'CodeIgniter\Session\Handlers\FileHandler' driver.
DEBUG - 2026-05-10 15:28:25 --> Session: Class initialized using 'CodeIgniter\Session\Handlers\FileHandler' driver.
ERROR - 2026-05-10 15:28:25 --> Unknown column 'r.type_regime_id' in 'on clause'
in SYSTEMPATH/Database/MySQLi/Connection.php on line 300.
 1 SYSTEMPATH/Database/MySQLi/Connection.php(300): mysqli->query()
 2 SYSTEMPATH/Database/BaseConnection.php(910): CodeIgniter\Database\MySQLi\Connection->execute()
 3 SYSTEMPATH/Database/BaseConnection.php(827): CodeIgniter\Database\BaseConnection->simpleQuery()
 4 SYSTEMPATH/Database/BaseBuilder.php(1649): CodeIgniter\Database\BaseConnection->query()
 5 APPPATH/Models/RecommendationModel.php(152): CodeIgniter\Database\BaseBuilder->get()
 6 APPPATH/Controllers/UsersHomepage.php(165): App\Models\RecommendationModel->getAvecDetails()
 7 SYSTEMPATH/CodeIgniter.php(951): App\Controllers\UsersHomepage->recommendations()
 8 SYSTEMPATH/CodeIgniter.php(497): CodeIgniter\CodeIgniter->runController()
 9 SYSTEMPATH/CodeIgniter.php(340): CodeIgniter\CodeIgniter->handleRequest()
10 SYSTEMPATH/Boot.php(417): CodeIgniter\CodeIgniter->run()
11 SYSTEMPATH/Boot.php(68): CodeIgniter\Boot::runCodeIgniter()
12 FCPATH/index.php(59): CodeIgniter\Boot::bootWeb()
CRITICAL - 2026-05-10 15:28:25 --> CodeIgniter\Database\Exceptions\DatabaseException: Unknown column 'r.type_regime_id' in 'on clause'
[Method: GET, Route: users/recommendations]
in SYSTEMPATH/Database/BaseConnection.php on line 865.
 1 SYSTEMPATH/Database/BaseBuilder.php(1649): CodeIgniter\Database\BaseConnection->query()
 2 APPPATH/Models/RecommendationModel.php(152): CodeIgniter\Database\BaseBuilder->get()
 3 APPPATH/Controllers/UsersHomepage.php(165): App\Models\RecommendationModel->getAvecDetails()
 4 SYSTEMPATH/CodeIgniter.php(951): App\Controllers\UsersHomepage->recommendations()
 5 SYSTEMPATH/CodeIgniter.php(497): CodeIgniter\CodeIgniter->runController()
 6 SYSTEMPATH/CodeIgniter.php(340): CodeIgniter\CodeIgniter->handleRequest()
 7 SYSTEMPATH/Boot.php(417): CodeIgniter\CodeIgniter->run()
 8 SYSTEMPATH/Boot.php(68): CodeIgniter\Boot::runCodeIgniter()
 9 FCPATH/index.php(59): CodeIgniter\Boot::bootWeb()
CRITICAL - 2026-05-10 15:28:25 --> [Caused by] CodeIgniter\Database\Exceptions\DatabaseException: Unknown column 'r.type_regime_id' in 'on clause'
in SYSTEMPATH/Database/MySQLi/Connection.php on line 310.
 1 SYSTEMPATH/Database/BaseConnection.php(910): CodeIgniter\Database\MySQLi\Connection->execute()
 2 SYSTEMPATH/Database/BaseConnection.php(827): CodeIgniter\Database\BaseConnection->simpleQuery()
 3 SYSTEMPATH/Database/BaseBuilder.php(1649): CodeIgniter\Database\BaseConnection->query()
 4 APPPATH/Models/RecommendationModel.php(152): CodeIgniter\Database\BaseBuilder->get()
 5 APPPATH/Controllers/UsersHomepage.php(165): App\Models\RecommendationModel->getAvecDetails()
 6 SYSTEMPATH/CodeIgniter.php(951): App\Controllers\UsersHomepage->recommendations()
 7 SYSTEMPATH/CodeIgniter.php(497): CodeIgniter\CodeIgniter->runController()
 8 SYSTEMPATH/CodeIgniter.php(340): CodeIgniter\CodeIgniter->handleRequest()
 9 SYSTEMPATH/Boot.php(417): CodeIgniter\CodeIgniter->run()
10 SYSTEMPATH/Boot.php(68): CodeIgniter\Boot::runCodeIgniter()
11 FCPATH/index.php(59): CodeIgniter\Boot::bootWeb()
CRITICAL - 2026-05-10 15:28:25 --> [Caused by] mysqli_sql_exception: Unknown column 'r.type_regime_id' in 'on clause'
in SYSTEMPATH/Database/MySQLi/Connection.php on line 300.
 1 SYSTEMPATH/Database/MySQLi/Connection.php(300): mysqli->query()
 2 SYSTEMPATH/Database/BaseConnection.php(910): CodeIgniter\Database\MySQLi\Connection->execute()
 3 SYSTEMPATH/Database/BaseConnection.php(827): CodeIgniter\Database\BaseConnection->simpleQuery()
 4 SYSTEMPATH/Database/BaseBuilder.php(1649): CodeIgniter\Database\BaseConnection->query()
 5 APPPATH/Models/RecommendationModel.php(152): CodeIgniter\Database\BaseBuilder->get()
 6 APPPATH/Controllers/UsersHomepage.php(165): App\Models\RecommendationModel->getAvecDetails()
 7 SYSTEMPATH/CodeIgniter.php(951): App\Controllers\UsersHomepage->recommendations()
 8 SYSTEMPATH/CodeIgniter.php(497): CodeIgniter\CodeIgniter->runController()
 9 SYSTEMPATH/CodeIgniter.php(340): CodeIgniter\CodeIgniter->handleRequest()
10 SYSTEMPATH/Boot.php(417): CodeIgniter\CodeIgniter->run()
11 SYSTEMPATH/Boot.php(68): CodeIgniter\Boot::runCodeIgniter()
12 FCPATH/index.php(59): CodeIgniter\Boot::bootWeb()
DEBUG - 2026-05-10 15:31:01 --> Session: Class initialized using 'CodeIgniter\Session\Handlers\FileHandler' driver.
DEBUG - 2026-05-10 15:31:01 --> Session: Class initialized using 'CodeIgniter\Session\Handlers\FileHandler' driver.
INFO - 2026-05-10 15:31:04 --> CSRF token verified.
DEBUG - 2026-05-10 15:31:04 --> Session: Class initialized using 'CodeIgniter\Session\Handlers\FileHandler' driver.
DEBUG - 2026-05-10 15:31:04 --> Session: Class initialized using 'CodeIgniter\Session\Handlers\FileHandler' driver.
DEBUG - 2026-05-10 15:31:08 --> Session: Class initialized using 'CodeIgniter\Session\Handlers\FileHandler' driver.
ERROR - 2026-05-10 15:31:08 --> Unknown column 'r.type_regime_id' in 'on clause'
in SYSTEMPATH/Database/MySQLi/Connection.php on line 300.
 1 SYSTEMPATH/Database/MySQLi/Connection.php(300): mysqli->query()
 2 SYSTEMPATH/Database/BaseConnection.php(910): CodeIgniter\Database\MySQLi\Connection->execute()
 3 SYSTEMPATH/Database/BaseConnection.php(827): CodeIgniter\Database\BaseConnection->simpleQuery()
 4 SYSTEMPATH/Database/BaseBuilder.php(1649): CodeIgniter\Database\BaseConnection->query()
 5 APPPATH/Models/RecommendationModel.php(152): CodeIgniter\Database\BaseBuilder->get()
 6 APPPATH/Controllers/UsersHomepage.php(165): App\Models\RecommendationModel->getAvecDetails()
 7 SYSTEMPATH/CodeIgniter.php(951): App\Controllers\UsersHomepage->recommendations()
 8 SYSTEMPATH/CodeIgniter.php(497): CodeIgniter\CodeIgniter->runController()
 9 SYSTEMPATH/CodeIgniter.php(340): CodeIgniter\CodeIgniter->handleRequest()
10 SYSTEMPATH/Boot.php(417): CodeIgniter\CodeIgniter->run()
11 SYSTEMPATH/Boot.php(68): CodeIgniter\Boot::runCodeIgniter()
12 FCPATH/index.php(59): CodeIgniter\Boot::bootWeb()
CRITICAL - 2026-05-10 15:31:08 --> CodeIgniter\Database\Exceptions\DatabaseException: Unknown column 'r.type_regime_id' in 'on clause'
[Method: GET, Route: users/recommendations]
in SYSTEMPATH/Database/BaseConnection.php on line 865.
 1 SYSTEMPATH/Database/BaseBuilder.php(1649): CodeIgniter\Database\BaseConnection->query()
 2 APPPATH/Models/RecommendationModel.php(152): CodeIgniter\Database\BaseBuilder->get()
 3 APPPATH/Controllers/UsersHomepage.php(165): App\Models\RecommendationModel->getAvecDetails()
 4 SYSTEMPATH/CodeIgniter.php(951): App\Controllers\UsersHomepage->recommendations()
 5 SYSTEMPATH/CodeIgniter.php(497): CodeIgniter\CodeIgniter->runController()
 6 SYSTEMPATH/CodeIgniter.php(340): CodeIgniter\CodeIgniter->handleRequest()
 7 SYSTEMPATH/Boot.php(417): CodeIgniter\CodeIgniter->run()
 8 SYSTEMPATH/Boot.php(68): CodeIgniter\Boot::runCodeIgniter()
 9 FCPATH/index.php(59): CodeIgniter\Boot::bootWeb()
CRITICAL - 2026-05-10 15:31:08 --> [Caused by] CodeIgniter\Database\Exceptions\DatabaseException: Unknown column 'r.type_regime_id' in 'on clause'
in SYSTEMPATH/Database/MySQLi/Connection.php on line 310.
 1 SYSTEMPATH/Database/BaseConnection.php(910): CodeIgniter\Database\MySQLi\Connection->execute()
 2 SYSTEMPATH/Database/BaseConnection.php(827): CodeIgniter\Database\BaseConnection->simpleQuery()
 3 SYSTEMPATH/Database/BaseBuilder.php(1649): CodeIgniter\Database\BaseConnection->query()
 4 APPPATH/Models/RecommendationModel.php(152): CodeIgniter\Database\BaseBuilder->get()
 5 APPPATH/Controllers/UsersHomepage.php(165): App\Models\RecommendationModel->getAvecDetails()
 6 SYSTEMPATH/CodeIgniter.php(951): App\Controllers\UsersHomepage->recommendations()
 7 SYSTEMPATH/CodeIgniter.php(497): CodeIgniter\CodeIgniter->runController()
 8 SYSTEMPATH/CodeIgniter.php(340): CodeIgniter\CodeIgniter->handleRequest()
 9 SYSTEMPATH/Boot.php(417): CodeIgniter\CodeIgniter->run()
10 SYSTEMPATH/Boot.php(68): CodeIgniter\Boot::runCodeIgniter()
11 FCPATH/index.php(59): CodeIgniter\Boot::bootWeb()
CRITICAL - 2026-05-10 15:31:08 --> [Caused by] mysqli_sql_exception: Unknown column 'r.type_regime_id' in 'on clause'
in SYSTEMPATH/Database/MySQLi/Connection.php on line 300.
 1 SYSTEMPATH/Database/MySQLi/Connection.php(300): mysqli->query()
 2 SYSTEMPATH/Database/BaseConnection.php(910): CodeIgniter\Database\MySQLi\Connection->execute()
 3 SYSTEMPATH/Database/BaseConnection.php(827): CodeIgniter\Database\BaseConnection->simpleQuery()
 4 SYSTEMPATH/Database/BaseBuilder.php(1649): CodeIgniter\Database\BaseConnection->query()
 5 APPPATH/Models/RecommendationModel.php(152): CodeIgniter\Database\BaseBuilder->get()
 6 APPPATH/Controllers/UsersHomepage.php(165): App\Models\RecommendationModel->getAvecDetails()
 7 SYSTEMPATH/CodeIgniter.php(951): App\Controllers\UsersHomepage->recommendations()
 8 SYSTEMPATH/CodeIgniter.php(497): CodeIgniter\CodeIgniter->runController()
 9 SYSTEMPATH/CodeIgniter.php(340): CodeIgniter\CodeIgniter->handleRequest()
10 SYSTEMPATH/Boot.php(417): CodeIgniter\CodeIgniter->run()
11 SYSTEMPATH/Boot.php(68): CodeIgniter\Boot::runCodeIgniter()
12 FCPATH/index.php(59): CodeIgniter\Boot::bootWeb()
DEBUG - 2026-05-10 15:32:28 --> Session: Class initialized using 'CodeIgniter\Session\Handlers\FileHandler' driver.
ERROR - 2026-05-10 15:32:28 --> Unknown column 'r.type_regime_id' in 'on clause'
in SYSTEMPATH/Database/MySQLi/Connection.php on line 300.
 1 SYSTEMPATH/Database/MySQLi/Connection.php(300): mysqli->query()
 2 SYSTEMPATH/Database/BaseConnection.php(910): CodeIgniter\Database\MySQLi\Connection->execute()
 3 SYSTEMPATH/Database/BaseConnection.php(827): CodeIgniter\Database\BaseConnection->simpleQuery()
 4 SYSTEMPATH/Database/BaseBuilder.php(1649): CodeIgniter\Database\BaseConnection->query()
 5 APPPATH/Models/RecommendationModel.php(152): CodeIgniter\Database\BaseBuilder->get()
 6 APPPATH/Controllers/UsersHomepage.php(165): App\Models\RecommendationModel->getAvecDetails()
 7 SYSTEMPATH/CodeIgniter.php(951): App\Controllers\UsersHomepage->recommendations()
 8 SYSTEMPATH/CodeIgniter.php(497): CodeIgniter\CodeIgniter->runController()
 9 SYSTEMPATH/CodeIgniter.php(340): CodeIgniter\CodeIgniter->handleRequest()
10 SYSTEMPATH/Boot.php(417): CodeIgniter\CodeIgniter->run()
11 SYSTEMPATH/Boot.php(68): CodeIgniter\Boot::runCodeIgniter()
12 FCPATH/index.php(59): CodeIgniter\Boot::bootWeb()
CRITICAL - 2026-05-10 15:32:28 --> CodeIgniter\Database\Exceptions\DatabaseException: Unknown column 'r.type_regime_id' in 'on clause'
[Method: GET, Route: users/recommendations]
in SYSTEMPATH/Database/BaseConnection.php on line 865.
 1 SYSTEMPATH/Database/BaseBuilder.php(1649): CodeIgniter\Database\BaseConnection->query()
 2 APPPATH/Models/RecommendationModel.php(152): CodeIgniter\Database\BaseBuilder->get()
 3 APPPATH/Controllers/UsersHomepage.php(165): App\Models\RecommendationModel->getAvecDetails()
 4 SYSTEMPATH/CodeIgniter.php(951): App\Controllers\UsersHomepage->recommendations()
 5 SYSTEMPATH/CodeIgniter.php(497): CodeIgniter\CodeIgniter->runController()
 6 SYSTEMPATH/CodeIgniter.php(340): CodeIgniter\CodeIgniter->handleRequest()
 7 SYSTEMPATH/Boot.php(417): CodeIgniter\CodeIgniter->run()
 8 SYSTEMPATH/Boot.php(68): CodeIgniter\Boot::runCodeIgniter()
 9 FCPATH/index.php(59): CodeIgniter\Boot::bootWeb()
CRITICAL - 2026-05-10 15:32:28 --> [Caused by] CodeIgniter\Database\Exceptions\DatabaseException: Unknown column 'r.type_regime_id' in 'on clause'
in SYSTEMPATH/Database/MySQLi/Connection.php on line 310.
 1 SYSTEMPATH/Database/BaseConnection.php(910): CodeIgniter\Database\MySQLi\Connection->execute()
 2 SYSTEMPATH/Database/BaseConnection.php(827): CodeIgniter\Database\BaseConnection->simpleQuery()
 3 SYSTEMPATH/Database/BaseBuilder.php(1649): CodeIgniter\Database\BaseConnection->query()
 4 APPPATH/Models/RecommendationModel.php(152): CodeIgniter\Database\BaseBuilder->get()
 5 APPPATH/Controllers/UsersHomepage.php(165): App\Models\RecommendationModel->getAvecDetails()
 6 SYSTEMPATH/CodeIgniter.php(951): App\Controllers\UsersHomepage->recommendations()
 7 SYSTEMPATH/CodeIgniter.php(497): CodeIgniter\CodeIgniter->runController()
 8 SYSTEMPATH/CodeIgniter.php(340): CodeIgniter\CodeIgniter->handleRequest()
 9 SYSTEMPATH/Boot.php(417): CodeIgniter\CodeIgniter->run()
10 SYSTEMPATH/Boot.php(68): CodeIgniter\Boot::runCodeIgniter()
11 FCPATH/index.php(59): CodeIgniter\Boot::bootWeb()
CRITICAL - 2026-05-10 15:32:28 --> [Caused by] mysqli_sql_exception: Unknown column 'r.type_regime_id' in 'on clause'
in SYSTEMPATH/Database/MySQLi/Connection.php on line 300.
 1 SYSTEMPATH/Database/MySQLi/Connection.php(300): mysqli->query()
 2 SYSTEMPATH/Database/BaseConnection.php(910): CodeIgniter\Database\MySQLi\Connection->execute()
 3 SYSTEMPATH/Database/BaseConnection.php(827): CodeIgniter\Database\BaseConnection->simpleQuery()
 4 SYSTEMPATH/Database/BaseBuilder.php(1649): CodeIgniter\Database\BaseConnection->query()
 5 APPPATH/Models/RecommendationModel.php(152): CodeIgniter\Database\BaseBuilder->get()
 6 APPPATH/Controllers/UsersHomepage.php(165): App\Models\RecommendationModel->getAvecDetails()
 7 SYSTEMPATH/CodeIgniter.php(951): App\Controllers\UsersHomepage->recommendations()
 8 SYSTEMPATH/CodeIgniter.php(497): CodeIgniter\CodeIgniter->runController()
 9 SYSTEMPATH/CodeIgniter.php(340): CodeIgniter\CodeIgniter->handleRequest()
10 SYSTEMPATH/Boot.php(417): CodeIgniter\CodeIgniter->run()
11 SYSTEMPATH/Boot.php(68): CodeIgniter\Boot::runCodeIgniter()
12 FCPATH/index.php(59): CodeIgniter\Boot::bootWeb()
DEBUG - 2026-05-10 15:33:26 --> Session: Class initialized using 'CodeIgniter\Session\Handlers\FileHandler' driver.
DEBUG - 2026-05-10 15:34:27 --> Session: Class initialized using 'CodeIgniter\Session\Handlers\FileHandler' driver.
DEBUG - 2026-05-10 15:39:42 --> Session: Class initialized using 'CodeIgniter\Session\Handlers\FileHandler' driver.
DEBUG - 2026-05-10 15:39:44 --> Session: Class initialized using 'CodeIgniter\Session\Handlers\FileHandler' driver.
DEBUG - 2026-05-10 15:39:46 --> Session: Class initialized using 'CodeIgniter\Session\Handlers\FileHandler' driver.
DEBUG - 2026-05-10 15:39:49 --> Session: Class initialized using 'CodeIgniter\Session\Handlers\FileHandler' driver.
DEBUG - 2026-05-10 15:41:26 --> Session: Class initialized using 'CodeIgniter\Session\Handlers\FileHandler' driver.
DEBUG - 2026-05-10 15:42:04 --> Session: Class initialized using 'CodeIgniter\Session\Handlers\FileHandler' driver.
DEBUG - 2026-05-10 15:42:11 --> Session: Class initialized using 'CodeIgniter\Session\Handlers\FileHandler' driver.
DEBUG - 2026-05-10 15:42:14 --> Session: Class initialized using 'CodeIgniter\Session\Handlers\FileHandler' driver.
DEBUG - 2026-05-10 15:42:19 --> Session: Class initialized using 'CodeIgniter\Session\Handlers\FileHandler' driver.
DEBUG - 2026-05-10 15:42:21 --> Session: Class initialized using 'CodeIgniter\Session\Handlers\FileHandler' driver.
DEBUG - 2026-05-10 15:42:23 --> Session: Class initialized using 'CodeIgniter\Session\Handlers\FileHandler' driver.
DEBUG - 2026-05-10 15:44:41 --> Session: Class initialized using 'CodeIgniter\Session\Handlers\FileHandler' driver.
DEBUG - 2026-05-10 15:44:47 --> Session: Class initialized using 'CodeIgniter\Session\Handlers\FileHandler' driver.
DEBUG - 2026-05-10 15:45:12 --> Session: Class initialized using 'CodeIgniter\Session\Handlers\FileHandler' driver.
DEBUG - 2026-05-10 15:48:12 --> Session: Class initialized using 'CodeIgniter\Session\Handlers\FileHandler' driver.
DEBUG - 2026-05-10 15:48:13 --> Session: Class initialized using 'CodeIgniter\Session\Handlers\FileHandler' driver.
DEBUG - 2026-05-10 15:49:04 --> Session: Class initialized using 'CodeIgniter\Session\Handlers\FileHandler' driver.
DEBUG - 2026-05-10 16:07:26 --> Session: Class initialized using 'CodeIgniter\Session\Handlers\FileHandler' driver.
DEBUG - 2026-05-10 16:07:28 --> Session: Class initialized using 'CodeIgniter\Session\Handlers\FileHandler' driver.
DEBUG - 2026-05-10 16:07:30 --> Session: Class initialized using 'CodeIgniter\Session\Handlers\FileHandler' driver.
DEBUG - 2026-05-10 16:07:32 --> Session: Class initialized using 'CodeIgniter\Session\Handlers\FileHandler' driver.
DEBUG - 2026-05-10 16:07:33 --> Session: Class initialized using 'CodeIgniter\Session\Handlers\FileHandler' driver.
DEBUG - 2026-05-10 16:07:34 --> Session: Class initialized using 'CodeIgniter\Session\Handlers\FileHandler' driver.
DEBUG - 2026-05-10 17:49:13 --> Session: Class initialized using 'CodeIgniter\Session\Handlers\FileHandler' driver.
INFO - 2026-05-10 17:49:16 --> CSRF token verified.
DEBUG - 2026-05-10 17:49:16 --> Session: Class initialized using 'CodeIgniter\Session\Handlers\FileHandler' driver.
DEBUG - 2026-05-10 17:49:16 --> Session: Class initialized using 'CodeIgniter\Session\Handlers\FileHandler' driver.
DEBUG - 2026-05-10 17:55:21 --> Session: Class initialized using 'CodeIgniter\Session\Handlers\FileHandler' driver.
DEBUG - 2026-05-10 17:55:32 --> Session: Class initialized using 'CodeIgniter\Session\Handlers\FileHandler' driver.
DEBUG - 2026-05-10 17:55:32 --> Session: Class initialized using 'CodeIgniter\Session\Handlers\FileHandler' driver.
DEBUG - 2026-05-10 17:55:59 --> Session: Class initialized using 'CodeIgniter\Session\Handlers\FileHandler' driver.
DEBUG - 2026-05-10 17:55:59 --> Session: Class initialized using 'CodeIgniter\Session\Handlers\FileHandler' driver.
DEBUG - 2026-05-10 17:56:12 --> Session: Class initialized using 'CodeIgniter\Session\Handlers\FileHandler' driver.
DEBUG - 2026-05-10 17:58:35 --> Session: Class initialized using 'CodeIgniter\Session\Handlers\FileHandler' driver.
DEBUG - 2026-05-10 17:58:36 --> Session: Class initialized using 'CodeIgniter\Session\Handlers\FileHandler' driver.
DEBUG - 2026-05-10 17:58:37 --> Session: Class initialized using 'CodeIgniter\Session\Handlers\FileHandler' driver.
DEBUG - 2026-05-10 17:58:42 --> Session: Class initialized using 'CodeIgniter\Session\Handlers\FileHandler' driver.
DEBUG - 2026-05-10 17:59:05 --> Session: Class initialized using 'CodeIgniter\Session\Handlers\FileHandler' driver.
DEBUG - 2026-05-10 17:59:08 --> Session: Class initialized using 'CodeIgniter\Session\Handlers\FileHandler' driver.
DEBUG - 2026-05-10 18:02:06 --> Session: Class initialized using 'CodeIgniter\Session\Handlers\FileHandler' driver.
DEBUG - 2026-05-10 18:02:07 --> Session: Class initialized using 'CodeIgniter\Session\Handlers\FileHandler' driver.
DEBUG - 2026-05-10 18:02:09 --> Session: Class initialized using 'CodeIgniter\Session\Handlers\FileHandler' driver.
DEBUG - 2026-05-10 18:02:16 --> Session: Class initialized using 'CodeIgniter\Session\Handlers\FileHandler' driver.
DEBUG - 2026-05-10 18:12:28 --> Session: Class initialized using 'CodeIgniter\Session\Handlers\FileHandler' driver.
DEBUG - 2026-05-10 18:12:29 --> Session: Class initialized using 'CodeIgniter\Session\Handlers\FileHandler' driver.
DEBUG - 2026-05-10 18:12:36 --> Session: Class initialized using 'CodeIgniter\Session\Handlers\FileHandler' driver.
DEBUG - 2026-05-10 18:12:55 --> Session: Class initialized using 'CodeIgniter\Session\Handlers\FileHandler' driver.
DEBUG - 2026-05-10 18:13:42 --> Session: Class initialized using 'CodeIgniter\Session\Handlers\FileHandler' driver.
DEBUG - 2026-05-10 18:14:00 --> Session: Class initialized using 'CodeIgniter\Session\Handlers\FileHandler' driver.
DEBUG - 2026-05-10 18:15:00 --> Session: Class initialized using 'CodeIgniter\Session\Handlers\FileHandler' driver.
DEBUG - 2026-05-10 18:15:11 --> Session: Class initialized using 'CodeIgniter\Session\Handlers\FileHandler' driver.
DEBUG - 2026-05-10 18:17:37 --> Session: Class initialized using 'CodeIgniter\Session\Handlers\FileHandler' driver.
CRITICAL - 2026-05-10 18:17:37 --> ErrorException: Undefined variable $wallet
[Method: GET, Route: users/wallet/]
in APPPATH/Views/users/wallet/wallet.php on line 14.
 1 APPPATH/Views/users/wallet/wallet.php(14): CodeIgniter\Debug\Exceptions->errorHandler()
 2 SYSTEMPATH/View/View.php(240): include('/home/andrianandrainy/Documents/S4/Mr Rojo/Regime-alimentaire/src/app/Views/users/wallet/wallet.php')
 3 SYSTEMPATH/View/View.php(243): CodeIgniter\View\View->CodeIgniter\View\{closure}()
 4 SYSTEMPATH/Common.php(1250): CodeIgniter\View\View->render()
 5 APPPATH/Controllers/WalletController.php(29): view()
 6 SYSTEMPATH/CodeIgniter.php(951): App\Controllers\WalletController->index()
 7 SYSTEMPATH/CodeIgniter.php(497): CodeIgniter\CodeIgniter->runController()
 8 SYSTEMPATH/CodeIgniter.php(340): CodeIgniter\CodeIgniter->handleRequest()
 9 SYSTEMPATH/Boot.php(417): CodeIgniter\CodeIgniter->run()
10 SYSTEMPATH/Boot.php(68): CodeIgniter\Boot::runCodeIgniter()
11 FCPATH/index.php(59): CodeIgniter\Boot::bootWeb()
DEBUG - 2026-05-10 18:18:21 --> Session: Class initialized using 'CodeIgniter\Session\Handlers\FileHandler' driver.
DEBUG - 2026-05-10 18:30:05 --> Session: Class initialized using 'CodeIgniter\Session\Handlers\FileHandler' driver.
DEBUG - 2026-05-10 18:30:07 --> Session: Class initialized using 'CodeIgniter\Session\Handlers\FileHandler' driver.
DEBUG - 2026-05-10 18:30:14 --> Session: Class initialized using 'CodeIgniter\Session\Handlers\FileHandler' driver.
DEBUG - 2026-05-10 18:30:14 --> Session: Class initialized using 'CodeIgniter\Session\Handlers\FileHandler' driver.
DEBUG - 2026-05-10 18:30:24 --> Session: Class initialized using 'CodeIgniter\Session\Handlers\FileHandler' driver.
DEBUG - 2026-05-10 18:30:26 --> Session: Class initialized using 'CodeIgniter\Session\Handlers\FileHandler' driver.
DEBUG - 2026-05-10 18:30:28 --> Session: Class initialized using 'CodeIgniter\Session\Handlers\FileHandler' driver.
DEBUG - 2026-05-10 18:30:29 --> Session: Class initialized using 'CodeIgniter\Session\Handlers\FileHandler' driver.
DEBUG - 2026-05-10 18:30:37 --> Session: Class initialized using 'CodeIgniter\Session\Handlers\FileHandler' driver.
DEBUG - 2026-05-10 18:30:55 --> Session: Class initialized using 'CodeIgniter\Session\Handlers\FileHandler' driver.
DEBUG - 2026-05-10 18:30:59 --> Session: Class initialized using 'CodeIgniter\Session\Handlers\FileHandler' driver.
DEBUG - 2026-05-10 18:31:01 --> Session: Class initialized using 'CodeIgniter\Session\Handlers\FileHandler' driver.
DEBUG - 2026-05-10 18:31:02 --> Session: Class initialized using 'CodeIgniter\Session\Handlers\FileHandler' driver.
DEBUG - 2026-05-10 18:31:03 --> Session: Class initialized using 'CodeIgniter\Session\Handlers\FileHandler' driver.
DEBUG - 2026-05-10 18:31:03 --> Session: Class initialized using 'CodeIgniter\Session\Handlers\FileHandler' driver.
DEBUG - 2026-05-10 18:40:02 --> Session: Class initialized using 'CodeIgniter\Session\Handlers\FileHandler' driver.
